2025-07-18 14:56:15 [restartedMain] ERROR o.h.e.jdbc.spi.SqlExceptionHelper - Access denied for user 'root'@'localhost' (using password: YES)
2025-07-18 14:56:16 [restartedMain] ERROR c.ra.ss9.loggingdemo.LoggingExample - Log ERROR: đã xảy ra lỗi.
2025-07-18 14:57:35 [restartedMain] ERROR o.h.e.jdbc.spi.SqlExceptionHelper - Access denied for user 'root'@'localhost' (using password: YES)
2025-07-18 14:57:35 [restartedMain] ERROR c.ra.ss9.loggingdemo.LoggingExample - Log ERROR: đã xảy ra lỗi.
2025-07-18 14:58:19 [restartedMain] ERROR o.h.e.jdbc.spi.SqlExceptionHelper - Access denied for user 'root'@'localhost' (using password: YES)
2025-07-18 14:58:20 [restartedMain] ERROR c.ra.ss9.loggingdemo.LoggingExample - Log ERROR: đã xảy ra lỗi.
2025-07-18 14:58:23 [restartedMain] ERROR o.h.e.jdbc.spi.SqlExceptionHelper - Access denied for user 'root'@'localhost' (using password: YES)
2025-07-18 14:58:23 [restartedMain] ERROR c.ra.ss9.loggingdemo.LoggingExample - Log ERROR: đã xảy ra lỗi.
2025-07-18 15:15:13 [restartedMain] ERROR o.h.e.jdbc.spi.SqlExceptionHelper - Access denied for user 'root'@'localhost' (using password: YES)
2025-07-18 15:15:14 [restartedMain] ERROR c.ra.ss9.loggingdemo.LoggingExample - Log ERROR: đã xảy ra lỗi.
2025-07-18 15:17:38 [restartedMain] ERROR c.ra.ss9.loggingdemo.LoggingExample - Log ERROR: đã xảy ra lỗi.
2025-07-18 15:24:03 [http-nio-9999-exec-5] ERROR o.a.c.c.C.[.[.[.[dispatcherServlet] - Servlet.service() for servlet [dispatcherServlet] in context with path [] threw exception [Request processing failed: org.springframework.web.multipart.MultipartException: Current request is not a multipart request] with root cause
org.springframework.web.multipart.MultipartException: Current request is not a multipart request
	at org.springframework.web.method.annotation.RequestParamMethodArgumentResolver.handleMissingValueInternal(RequestParamMethodArgumentResolver.java:213)
	at org.springframework.web.method.annotation.RequestParamMethodArgumentResolver.handleMissingValue(RequestParamMethodArgumentResolver.java:196)
	at org.springframework.web.method.annotation.AbstractNamedValueMethodArgumentResolver.resolveArgument(AbstractNamedValueMethodArgumentResolver.java:125)
	at org.springframework.web.method.support.HandlerMethodArgumentResolverComposite.resolveArgument(HandlerMethodArgumentResolverComposite.java:122)
	at org.springframework.web.method.support.InvocableHandlerMethod.getMethodArgumentValues(InvocableHandlerMethod.java:227)
	at org.springframework.web.method.support.InvocableHandlerMethod.invokeForRequest(InvocableHandlerMethod.java:181)
	at org.springframework.web.servlet.mvc.method.annotation.ServletInvocableHandlerMethod.invokeAndHandle(ServletInvocableHandlerMethod.java:118)
	at org.springframework.web.servlet.mvc.method.annotation.RequestMappingHandlerAdapter.invokeHandlerMethod(RequestMappingHandlerAdapter.java:986)
	at org.springframework.web.servlet.mvc.method.annotation.RequestMappingHandlerAdapter.handleInternal(RequestMappingHandlerAdapter.java:891)
	at org.springframework.web.servlet.mvc.method.AbstractHandlerMethodAdapter.handle(AbstractHandlerMethodAdapter.java:87)
	at org.springframework.web.servlet.DispatcherServlet.doDispatch(DispatcherServlet.java:1089)
	at org.springframework.web.servlet.DispatcherServlet.doService(DispatcherServlet.java:979)
	at org.springframework.web.servlet.FrameworkServlet.processRequest(FrameworkServlet.java:1014)
	at org.springframework.web.servlet.FrameworkServlet.doPost(FrameworkServlet.java:914)
	at jakarta.servlet.http.HttpServlet.service(HttpServlet.java:590)
	at org.springframework.web.servlet.FrameworkServlet.service(FrameworkServlet.java:885)
	at jakarta.servlet.http.HttpServlet.service(HttpServlet.java:658)
	at org.apache.catalina.core.ApplicationFilterChain.internalDoFilter(ApplicationFilterChain.java:195)
	at org.apache.catalina.core.ApplicationFilterChain.doFilter(ApplicationFilterChain.java:140)
	at org.apache.tomcat.websocket.server.WsFilter.doFilter(WsFilter.java:51)
	at org.apache.catalina.core.ApplicationFilterChain.internalDoFilter(ApplicationFilterChain.java:164)
	at org.apache.catalina.core.ApplicationFilterChain.doFilter(ApplicationFilterChain.java:140)
	at org.springframework.web.filter.RequestContextFilter.doFilterInternal(RequestContextFilter.java:100)
	at org.springframework.web.filter.OncePerRequestFilter.doFilter(OncePerRequestFilter.java:116)
	at org.apache.catalina.core.ApplicationFilterChain.internalDoFilter(ApplicationFilterChain.java:164)
	at org.apache.catalina.core.ApplicationFilterChain.doFilter(ApplicationFilterChain.java:140)
	at org.springframework.web.filter.FormContentFilter.doFilterInternal(FormContentFilter.java:93)
	at org.springframework.web.filter.OncePerRequestFilter.doFilter(OncePerRequestFilter.java:116)
	at org.apache.catalina.core.ApplicationFilterChain.internalDoFilter(ApplicationFilterChain.java:164)
	at org.apache.catalina.core.ApplicationFilterChain.doFilter(ApplicationFilterChain.java:140)
	at org.springframework.web.filter.CharacterEncodingFilter.doFilterInternal(CharacterEncodingFilter.java:201)
	at org.springframework.web.filter.OncePerRequestFilter.doFilter(OncePerRequestFilter.java:116)
	at org.apache.catalina.core.ApplicationFilterChain.internalDoFilter(ApplicationFilterChain.java:164)
	at org.apache.catalina.core.ApplicationFilterChain.doFilter(ApplicationFilterChain.java:140)
	at org.apache.catalina.core.StandardWrapperValve.invoke(StandardWrapperValve.java:167)
	at org.apache.catalina.core.StandardContextValve.invoke(StandardContextValve.java:90)
	at org.apache.catalina.authenticator.AuthenticatorBase.invoke(AuthenticatorBase.java:483)
	at org.apache.catalina.core.StandardHostValve.invoke(StandardHostValve.java:116)
	at org.apache.catalina.valves.ErrorReportValve.invoke(ErrorReportValve.java:93)
	at org.apache.catalina.core.StandardEngineValve.invoke(StandardEngineValve.java:74)
	at org.apache.catalina.connector.CoyoteAdapter.service(CoyoteAdapter.java:344)
	at org.apache.coyote.http11.Http11Processor.service(Http11Processor.java:398)
	at org.apache.coyote.AbstractProcessorLight.process(AbstractProcessorLight.java:63)
	at org.apache.coyote.AbstractProtocol$ConnectionHandler.process(AbstractProtocol.java:903)
	at org.apache.tomcat.util.net.NioEndpoint$SocketProcessor.doRun(NioEndpoint.java:1769)
	at org.apache.tomcat.util.net.SocketProcessorBase.run(SocketProcessorBase.java:52)
	at org.apache.tomcat.util.threads.ThreadPoolExecutor.runWorker(ThreadPoolExecutor.java:1189)
	at org.apache.tomcat.util.threads.ThreadPoolExecutor$Worker.run(ThreadPoolExecutor.java:658)
	at org.apache.tomcat.util.threads.TaskThread$WrappingRunnable.run(TaskThread.java:63)
	at java.base/java.lang.Thread.run(Thread.java:1583)
2025-07-18 15:24:21 [http-nio-9999-exec-2] ERROR o.a.c.c.C.[.[.[.[dispatcherServlet] - Servlet.service() for servlet [dispatcherServlet] in context with path [] threw exception [Request processing failed: org.springframework.web.multipart.MultipartException: Current request is not a multipart request] with root cause
org.springframework.web.multipart.MultipartException: Current request is not a multipart request
	at org.springframework.web.method.annotation.RequestParamMethodArgumentResolver.handleMissingValueInternal(RequestParamMethodArgumentResolver.java:213)
	at org.springframework.web.method.annotation.RequestParamMethodArgumentResolver.handleMissingValue(RequestParamMethodArgumentResolver.java:196)
	at org.springframework.web.method.annotation.AbstractNamedValueMethodArgumentResolver.resolveArgument(AbstractNamedValueMethodArgumentResolver.java:125)
	at org.springframework.web.method.support.HandlerMethodArgumentResolverComposite.resolveArgument(HandlerMethodArgumentResolverComposite.java:122)
	at org.springframework.web.method.support.InvocableHandlerMethod.getMethodArgumentValues(InvocableHandlerMethod.java:227)
	at org.springframework.web.method.support.InvocableHandlerMethod.invokeForRequest(InvocableHandlerMethod.java:181)
	at org.springframework.web.servlet.mvc.method.annotation.ServletInvocableHandlerMethod.invokeAndHandle(ServletInvocableHandlerMethod.java:118)
	at org.springframework.web.servlet.mvc.method.annotation.RequestMappingHandlerAdapter.invokeHandlerMethod(RequestMappingHandlerAdapter.java:986)
	at org.springframework.web.servlet.mvc.method.annotation.RequestMappingHandlerAdapter.handleInternal(RequestMappingHandlerAdapter.java:891)
	at org.springframework.web.servlet.mvc.method.AbstractHandlerMethodAdapter.handle(AbstractHandlerMethodAdapter.java:87)
	at org.springframework.web.servlet.DispatcherServlet.doDispatch(DispatcherServlet.java:1089)
	at org.springframework.web.servlet.DispatcherServlet.doService(DispatcherServlet.java:979)
	at org.springframework.web.servlet.FrameworkServlet.processRequest(FrameworkServlet.java:1014)
	at org.springframework.web.servlet.FrameworkServlet.doPost(FrameworkServlet.java:914)
	at jakarta.servlet.http.HttpServlet.service(HttpServlet.java:590)
	at org.springframework.web.servlet.FrameworkServlet.service(FrameworkServlet.java:885)
	at jakarta.servlet.http.HttpServlet.service(HttpServlet.java:658)
	at org.apache.catalina.core.ApplicationFilterChain.internalDoFilter(ApplicationFilterChain.java:195)
	at org.apache.catalina.core.ApplicationFilterChain.doFilter(ApplicationFilterChain.java:140)
	at org.apache.tomcat.websocket.server.WsFilter.doFilter(WsFilter.java:51)
	at org.apache.catalina.core.ApplicationFilterChain.internalDoFilter(ApplicationFilterChain.java:164)
	at org.apache.catalina.core.ApplicationFilterChain.doFilter(ApplicationFilterChain.java:140)
	at org.springframework.web.filter.RequestContextFilter.doFilterInternal(RequestContextFilter.java:100)
	at org.springframework.web.filter.OncePerRequestFilter.doFilter(OncePerRequestFilter.java:116)
	at org.apache.catalina.core.ApplicationFilterChain.internalDoFilter(ApplicationFilterChain.java:164)
	at org.apache.catalina.core.ApplicationFilterChain.doFilter(ApplicationFilterChain.java:140)
	at org.springframework.web.filter.FormContentFilter.doFilterInternal(FormContentFilter.java:93)
	at org.springframework.web.filter.OncePerRequestFilter.doFilter(OncePerRequestFilter.java:116)
	at org.apache.catalina.core.ApplicationFilterChain.internalDoFilter(ApplicationFilterChain.java:164)
	at org.apache.catalina.core.ApplicationFilterChain.doFilter(ApplicationFilterChain.java:140)
	at org.springframework.web.filter.CharacterEncodingFilter.doFilterInternal(CharacterEncodingFilter.java:201)
	at org.springframework.web.filter.OncePerRequestFilter.doFilter(OncePerRequestFilter.java:116)
	at org.apache.catalina.core.ApplicationFilterChain.internalDoFilter(ApplicationFilterChain.java:164)
	at org.apache.catalina.core.ApplicationFilterChain.doFilter(ApplicationFilterChain.java:140)
	at org.apache.catalina.core.StandardWrapperValve.invoke(StandardWrapperValve.java:167)
	at org.apache.catalina.core.StandardContextValve.invoke(StandardContextValve.java:90)
	at org.apache.catalina.authenticator.AuthenticatorBase.invoke(AuthenticatorBase.java:483)
	at org.apache.catalina.core.StandardHostValve.invoke(StandardHostValve.java:116)
	at org.apache.catalina.valves.ErrorReportValve.invoke(ErrorReportValve.java:93)
	at org.apache.catalina.core.StandardEngineValve.invoke(StandardEngineValve.java:74)
	at org.apache.catalina.connector.CoyoteAdapter.service(CoyoteAdapter.java:344)
	at org.apache.coyote.http11.Http11Processor.service(Http11Processor.java:398)
	at org.apache.coyote.AbstractProcessorLight.process(AbstractProcessorLight.java:63)
	at org.apache.coyote.AbstractProtocol$ConnectionHandler.process(AbstractProtocol.java:903)
	at org.apache.tomcat.util.net.NioEndpoint$SocketProcessor.doRun(NioEndpoint.java:1769)
	at org.apache.tomcat.util.net.SocketProcessorBase.run(SocketProcessorBase.java:52)
	at org.apache.tomcat.util.threads.ThreadPoolExecutor.runWorker(ThreadPoolExecutor.java:1189)
	at org.apache.tomcat.util.threads.ThreadPoolExecutor$Worker.run(ThreadPoolExecutor.java:658)
	at org.apache.tomcat.util.threads.TaskThread$WrappingRunnable.run(TaskThread.java:63)
	at java.base/java.lang.Thread.run(Thread.java:1583)
2025-07-18 15:24:35 [http-nio-9999-exec-3] ERROR o.a.c.c.C.[.[.[.[dispatcherServlet] - Servlet.service() for servlet [dispatcherServlet] in context with path [] threw exception [Request processing failed: org.springframework.web.multipart.MultipartException: Current request is not a multipart request] with root cause
org.springframework.web.multipart.MultipartException: Current request is not a multipart request
	at org.springframework.web.method.annotation.RequestParamMethodArgumentResolver.handleMissingValueInternal(RequestParamMethodArgumentResolver.java:213)
	at org.springframework.web.method.annotation.RequestParamMethodArgumentResolver.handleMissingValue(RequestParamMethodArgumentResolver.java:196)
	at org.springframework.web.method.annotation.AbstractNamedValueMethodArgumentResolver.resolveArgument(AbstractNamedValueMethodArgumentResolver.java:125)
	at org.springframework.web.method.support.HandlerMethodArgumentResolverComposite.resolveArgument(HandlerMethodArgumentResolverComposite.java:122)
	at org.springframework.web.method.support.InvocableHandlerMethod.getMethodArgumentValues(InvocableHandlerMethod.java:227)
	at org.springframework.web.method.support.InvocableHandlerMethod.invokeForRequest(InvocableHandlerMethod.java:181)
	at org.springframework.web.servlet.mvc.method.annotation.ServletInvocableHandlerMethod.invokeAndHandle(ServletInvocableHandlerMethod.java:118)
	at org.springframework.web.servlet.mvc.method.annotation.RequestMappingHandlerAdapter.invokeHandlerMethod(RequestMappingHandlerAdapter.java:986)
	at org.springframework.web.servlet.mvc.method.annotation.RequestMappingHandlerAdapter.handleInternal(RequestMappingHandlerAdapter.java:891)
	at org.springframework.web.servlet.mvc.method.AbstractHandlerMethodAdapter.handle(AbstractHandlerMethodAdapter.java:87)
	at org.springframework.web.servlet.DispatcherServlet.doDispatch(DispatcherServlet.java:1089)
	at org.springframework.web.servlet.DispatcherServlet.doService(DispatcherServlet.java:979)
	at org.springframework.web.servlet.FrameworkServlet.processRequest(FrameworkServlet.java:1014)
	at org.springframework.web.servlet.FrameworkServlet.doPost(FrameworkServlet.java:914)
	at jakarta.servlet.http.HttpServlet.service(HttpServlet.java:590)
	at org.springframework.web.servlet.FrameworkServlet.service(FrameworkServlet.java:885)
	at jakarta.servlet.http.HttpServlet.service(HttpServlet.java:658)
	at org.apache.catalina.core.ApplicationFilterChain.internalDoFilter(ApplicationFilterChain.java:195)
	at org.apache.catalina.core.ApplicationFilterChain.doFilter(ApplicationFilterChain.java:140)
	at org.apache.tomcat.websocket.server.WsFilter.doFilter(WsFilter.java:51)
	at org.apache.catalina.core.ApplicationFilterChain.internalDoFilter(ApplicationFilterChain.java:164)
	at org.apache.catalina.core.ApplicationFilterChain.doFilter(ApplicationFilterChain.java:140)
	at org.springframework.web.filter.RequestContextFilter.doFilterInternal(RequestContextFilter.java:100)
	at org.springframework.web.filter.OncePerRequestFilter.doFilter(OncePerRequestFilter.java:116)
	at org.apache.catalina.core.ApplicationFilterChain.internalDoFilter(ApplicationFilterChain.java:164)
	at org.apache.catalina.core.ApplicationFilterChain.doFilter(ApplicationFilterChain.java:140)
	at org.springframework.web.filter.FormContentFilter.doFilterInternal(FormContentFilter.java:93)
	at org.springframework.web.filter.OncePerRequestFilter.doFilter(OncePerRequestFilter.java:116)
	at org.apache.catalina.core.ApplicationFilterChain.internalDoFilter(ApplicationFilterChain.java:164)
	at org.apache.catalina.core.ApplicationFilterChain.doFilter(ApplicationFilterChain.java:140)
	at org.springframework.web.filter.CharacterEncodingFilter.doFilterInternal(CharacterEncodingFilter.java:201)
	at org.springframework.web.filter.OncePerRequestFilter.doFilter(OncePerRequestFilter.java:116)
	at org.apache.catalina.core.ApplicationFilterChain.internalDoFilter(ApplicationFilterChain.java:164)
	at org.apache.catalina.core.ApplicationFilterChain.doFilter(ApplicationFilterChain.java:140)
	at org.apache.catalina.core.StandardWrapperValve.invoke(StandardWrapperValve.java:167)
	at org.apache.catalina.core.StandardContextValve.invoke(StandardContextValve.java:90)
	at org.apache.catalina.authenticator.AuthenticatorBase.invoke(AuthenticatorBase.java:483)
	at org.apache.catalina.core.StandardHostValve.invoke(StandardHostValve.java:116)
	at org.apache.catalina.valves.ErrorReportValve.invoke(ErrorReportValve.java:93)
	at org.apache.catalina.core.StandardEngineValve.invoke(StandardEngineValve.java:74)
	at org.apache.catalina.connector.CoyoteAdapter.service(CoyoteAdapter.java:344)
	at org.apache.coyote.http11.Http11Processor.service(Http11Processor.java:398)
	at org.apache.coyote.AbstractProcessorLight.process(AbstractProcessorLight.java:63)
	at org.apache.coyote.AbstractProtocol$ConnectionHandler.process(AbstractProtocol.java:903)
	at org.apache.tomcat.util.net.NioEndpoint$SocketProcessor.doRun(NioEndpoint.java:1769)
	at org.apache.tomcat.util.net.SocketProcessorBase.run(SocketProcessorBase.java:52)
	at org.apache.tomcat.util.threads.ThreadPoolExecutor.runWorker(ThreadPoolExecutor.java:1189)
	at org.apache.tomcat.util.threads.ThreadPoolExecutor$Worker.run(ThreadPoolExecutor.java:658)
	at org.apache.tomcat.util.threads.TaskThread$WrappingRunnable.run(TaskThread.java:63)
	at java.base/java.lang.Thread.run(Thread.java:1583)
2025-07-18 15:24:41 [http-nio-9999-exec-9] ERROR o.a.c.c.C.[.[.[.[dispatcherServlet] - Servlet.service() for servlet [dispatcherServlet] in context with path [] threw exception [Request processing failed: org.springframework.web.multipart.MultipartException: Current request is not a multipart request] with root cause
org.springframework.web.multipart.MultipartException: Current request is not a multipart request
	at org.springframework.web.method.annotation.RequestParamMethodArgumentResolver.handleMissingValueInternal(RequestParamMethodArgumentResolver.java:213)
	at org.springframework.web.method.annotation.RequestParamMethodArgumentResolver.handleMissingValue(RequestParamMethodArgumentResolver.java:196)
	at org.springframework.web.method.annotation.AbstractNamedValueMethodArgumentResolver.resolveArgument(AbstractNamedValueMethodArgumentResolver.java:125)
	at org.springframework.web.method.support.HandlerMethodArgumentResolverComposite.resolveArgument(HandlerMethodArgumentResolverComposite.java:122)
	at org.springframework.web.method.support.InvocableHandlerMethod.getMethodArgumentValues(InvocableHandlerMethod.java:227)
	at org.springframework.web.method.support.InvocableHandlerMethod.invokeForRequest(InvocableHandlerMethod.java:181)
	at org.springframework.web.servlet.mvc.method.annotation.ServletInvocableHandlerMethod.invokeAndHandle(ServletInvocableHandlerMethod.java:118)
	at org.springframework.web.servlet.mvc.method.annotation.RequestMappingHandlerAdapter.invokeHandlerMethod(RequestMappingHandlerAdapter.java:986)
	at org.springframework.web.servlet.mvc.method.annotation.RequestMappingHandlerAdapter.handleInternal(RequestMappingHandlerAdapter.java:891)
	at org.springframework.web.servlet.mvc.method.AbstractHandlerMethodAdapter.handle(AbstractHandlerMethodAdapter.java:87)
	at org.springframework.web.servlet.DispatcherServlet.doDispatch(DispatcherServlet.java:1089)
	at org.springframework.web.servlet.DispatcherServlet.doService(DispatcherServlet.java:979)
	at org.springframework.web.servlet.FrameworkServlet.processRequest(FrameworkServlet.java:1014)
	at org.springframework.web.servlet.FrameworkServlet.doPost(FrameworkServlet.java:914)
	at jakarta.servlet.http.HttpServlet.service(HttpServlet.java:590)
	at org.springframework.web.servlet.FrameworkServlet.service(FrameworkServlet.java:885)
	at jakarta.servlet.http.HttpServlet.service(HttpServlet.java:658)
	at org.apache.catalina.core.ApplicationFilterChain.internalDoFilter(ApplicationFilterChain.java:195)
	at org.apache.catalina.core.ApplicationFilterChain.doFilter(ApplicationFilterChain.java:140)
	at org.apache.tomcat.websocket.server.WsFilter.doFilter(WsFilter.java:51)
	at org.apache.catalina.core.ApplicationFilterChain.internalDoFilter(ApplicationFilterChain.java:164)
	at org.apache.catalina.core.ApplicationFilterChain.doFilter(ApplicationFilterChain.java:140)
	at org.springframework.web.filter.RequestContextFilter.doFilterInternal(RequestContextFilter.java:100)
	at org.springframework.web.filter.OncePerRequestFilter.doFilter(OncePerRequestFilter.java:116)
	at org.apache.catalina.core.ApplicationFilterChain.internalDoFilter(ApplicationFilterChain.java:164)
	at org.apache.catalina.core.ApplicationFilterChain.doFilter(ApplicationFilterChain.java:140)
	at org.springframework.web.filter.FormContentFilter.doFilterInternal(FormContentFilter.java:93)
	at org.springframework.web.filter.OncePerRequestFilter.doFilter(OncePerRequestFilter.java:116)
	at org.apache.catalina.core.ApplicationFilterChain.internalDoFilter(ApplicationFilterChain.java:164)
	at org.apache.catalina.core.ApplicationFilterChain.doFilter(ApplicationFilterChain.java:140)
	at org.springframework.web.filter.CharacterEncodingFilter.doFilterInternal(CharacterEncodingFilter.java:201)
	at org.springframework.web.filter.OncePerRequestFilter.doFilter(OncePerRequestFilter.java:116)
	at org.apache.catalina.core.ApplicationFilterChain.internalDoFilter(ApplicationFilterChain.java:164)
	at org.apache.catalina.core.ApplicationFilterChain.doFilter(ApplicationFilterChain.java:140)
	at org.apache.catalina.core.StandardWrapperValve.invoke(StandardWrapperValve.java:167)
	at org.apache.catalina.core.StandardContextValve.invoke(StandardContextValve.java:90)
	at org.apache.catalina.authenticator.AuthenticatorBase.invoke(AuthenticatorBase.java:483)
	at org.apache.catalina.core.StandardHostValve.invoke(StandardHostValve.java:116)
	at org.apache.catalina.valves.ErrorReportValve.invoke(ErrorReportValve.java:93)
	at org.apache.catalina.core.StandardEngineValve.invoke(StandardEngineValve.java:74)
	at org.apache.catalina.connector.CoyoteAdapter.service(CoyoteAdapter.java:344)
	at org.apache.coyote.http11.Http11Processor.service(Http11Processor.java:398)
	at org.apache.coyote.AbstractProcessorLight.process(AbstractProcessorLight.java:63)
	at org.apache.coyote.AbstractProtocol$ConnectionHandler.process(AbstractProtocol.java:903)
	at org.apache.tomcat.util.net.NioEndpoint$SocketProcessor.doRun(NioEndpoint.java:1769)
	at org.apache.tomcat.util.net.SocketProcessorBase.run(SocketProcessorBase.java:52)
	at org.apache.tomcat.util.threads.ThreadPoolExecutor.runWorker(ThreadPoolExecutor.java:1189)
	at org.apache.tomcat.util.threads.ThreadPoolExecutor$Worker.run(ThreadPoolExecutor.java:658)
	at org.apache.tomcat.util.threads.TaskThread$WrappingRunnable.run(TaskThread.java:63)
	at java.base/java.lang.Thread.run(Thread.java:1583)
2025-07-18 15:25:50 [restartedMain] ERROR c.ra.ss9.loggingdemo.LoggingExample - Log ERROR: đã xảy ra lỗi.
2025-07-18 15:25:53 [http-nio-9999-exec-2] ERROR o.a.c.c.C.[.[.[.[dispatcherServlet] - Servlet.service() for servlet [dispatcherServlet] in context with path [] threw exception [Request processing failed: java.lang.NullPointerException: Cannot invoke "org.springframework.web.multipart.MultipartFile.getOriginalFilename()" because "image" is null] with root cause
java.lang.NullPointerException: Cannot invoke "org.springframework.web.multipart.MultipartFile.getOriginalFilename()" because "image" is null
	at com.ra.ss9.controller.ImageUploadController.uploadImage(ImageUploadController.java:20)
	at java.base/jdk.internal.reflect.DirectMethodHandleAccessor.invoke(DirectMethodHandleAccessor.java:103)
	at java.base/java.lang.reflect.Method.invoke(Method.java:580)
	at org.springframework.web.method.support.InvocableHandlerMethod.doInvoke(InvocableHandlerMethod.java:258)
	at org.springframework.web.method.support.InvocableHandlerMethod.invokeForRequest(InvocableHandlerMethod.java:191)
	at org.springframework.web.servlet.mvc.method.annotation.ServletInvocableHandlerMethod.invokeAndHandle(ServletInvocableHandlerMethod.java:118)
	at org.springframework.web.servlet.mvc.method.annotation.RequestMappingHandlerAdapter.invokeHandlerMethod(RequestMappingHandlerAdapter.java:986)
	at org.springframework.web.servlet.mvc.method.annotation.RequestMappingHandlerAdapter.handleInternal(RequestMappingHandlerAdapter.java:891)
	at org.springframework.web.servlet.mvc.method.AbstractHandlerMethodAdapter.handle(AbstractHandlerMethodAdapter.java:87)
	at org.springframework.web.servlet.DispatcherServlet.doDispatch(DispatcherServlet.java:1089)
	at org.springframework.web.servlet.DispatcherServlet.doService(DispatcherServlet.java:979)
	at org.springframework.web.servlet.FrameworkServlet.processRequest(FrameworkServlet.java:1014)
	at org.springframework.web.servlet.FrameworkServlet.doPost(FrameworkServlet.java:914)
	at jakarta.servlet.http.HttpServlet.service(HttpServlet.java:590)
	at org.springframework.web.servlet.FrameworkServlet.service(FrameworkServlet.java:885)
	at jakarta.servlet.http.HttpServlet.service(HttpServlet.java:658)
	at org.apache.catalina.core.ApplicationFilterChain.internalDoFilter(ApplicationFilterChain.java:195)
	at org.apache.catalina.core.ApplicationFilterChain.doFilter(ApplicationFilterChain.java:140)
	at org.apache.tomcat.websocket.server.WsFilter.doFilter(WsFilter.java:51)
	at org.apache.catalina.core.ApplicationFilterChain.internalDoFilter(ApplicationFilterChain.java:164)
	at org.apache.catalina.core.ApplicationFilterChain.doFilter(ApplicationFilterChain.java:140)
	at org.springframework.web.filter.RequestContextFilter.doFilterInternal(RequestContextFilter.java:100)
	at org.springframework.web.filter.OncePerRequestFilter.doFilter(OncePerRequestFilter.java:116)
	at org.apache.catalina.core.ApplicationFilterChain.internalDoFilter(ApplicationFilterChain.java:164)
	at org.apache.catalina.core.ApplicationFilterChain.doFilter(ApplicationFilterChain.java:140)
	at org.springframework.web.filter.FormContentFilter.doFilterInternal(FormContentFilter.java:93)
	at org.springframework.web.filter.OncePerRequestFilter.doFilter(OncePerRequestFilter.java:116)
	at org.apache.catalina.core.ApplicationFilterChain.internalDoFilter(ApplicationFilterChain.java:164)
	at org.apache.catalina.core.ApplicationFilterChain.doFilter(ApplicationFilterChain.java:140)
	at org.springframework.web.filter.CharacterEncodingFilter.doFilterInternal(CharacterEncodingFilter.java:201)
	at org.springframework.web.filter.OncePerRequestFilter.doFilter(OncePerRequestFilter.java:116)
	at org.apache.catalina.core.ApplicationFilterChain.internalDoFilter(ApplicationFilterChain.java:164)
	at org.apache.catalina.core.ApplicationFilterChain.doFilter(ApplicationFilterChain.java:140)
	at org.apache.catalina.core.StandardWrapperValve.invoke(StandardWrapperValve.java:167)
	at org.apache.catalina.core.StandardContextValve.invoke(StandardContextValve.java:90)
	at org.apache.catalina.authenticator.AuthenticatorBase.invoke(AuthenticatorBase.java:483)
	at org.apache.catalina.core.StandardHostValve.invoke(StandardHostValve.java:116)
	at org.apache.catalina.valves.ErrorReportValve.invoke(ErrorReportValve.java:93)
	at org.apache.catalina.core.StandardEngineValve.invoke(StandardEngineValve.java:74)
	at org.apache.catalina.connector.CoyoteAdapter.service(CoyoteAdapter.java:344)
	at org.apache.coyote.http11.Http11Processor.service(Http11Processor.java:398)
	at org.apache.coyote.AbstractProcessorLight.process(AbstractProcessorLight.java:63)
	at org.apache.coyote.AbstractProtocol$ConnectionHandler.process(AbstractProtocol.java:903)
	at org.apache.tomcat.util.net.NioEndpoint$SocketProcessor.doRun(NioEndpoint.java:1769)
	at org.apache.tomcat.util.net.SocketProcessorBase.run(SocketProcessorBase.java:52)
	at org.apache.tomcat.util.threads.ThreadPoolExecutor.runWorker(ThreadPoolExecutor.java:1189)
	at org.apache.tomcat.util.threads.ThreadPoolExecutor$Worker.run(ThreadPoolExecutor.java:658)
	at org.apache.tomcat.util.threads.TaskThread$WrappingRunnable.run(TaskThread.java:63)
	at java.base/java.lang.Thread.run(Thread.java:1583)
2025-07-18 15:26:04 [http-nio-9999-exec-6] ERROR o.a.c.c.C.[.[.[.[dispatcherServlet] - Servlet.service() for servlet [dispatcherServlet] in context with path [] threw exception [Request processing failed: java.lang.NullPointerException: Cannot invoke "org.springframework.web.multipart.MultipartFile.getOriginalFilename()" because "image" is null] with root cause
java.lang.NullPointerException: Cannot invoke "org.springframework.web.multipart.MultipartFile.getOriginalFilename()" because "image" is null
	at com.ra.ss9.controller.ImageUploadController.uploadImage(ImageUploadController.java:20)
	at java.base/jdk.internal.reflect.DirectMethodHandleAccessor.invoke(DirectMethodHandleAccessor.java:103)
	at java.base/java.lang.reflect.Method.invoke(Method.java:580)
	at org.springframework.web.method.support.InvocableHandlerMethod.doInvoke(InvocableHandlerMethod.java:258)
	at org.springframework.web.method.support.InvocableHandlerMethod.invokeForRequest(InvocableHandlerMethod.java:191)
	at org.springframework.web.servlet.mvc.method.annotation.ServletInvocableHandlerMethod.invokeAndHandle(ServletInvocableHandlerMethod.java:118)
	at org.springframework.web.servlet.mvc.method.annotation.RequestMappingHandlerAdapter.invokeHandlerMethod(RequestMappingHandlerAdapter.java:986)
	at org.springframework.web.servlet.mvc.method.annotation.RequestMappingHandlerAdapter.handleInternal(RequestMappingHandlerAdapter.java:891)
	at org.springframework.web.servlet.mvc.method.AbstractHandlerMethodAdapter.handle(AbstractHandlerMethodAdapter.java:87)
	at org.springframework.web.servlet.DispatcherServlet.doDispatch(DispatcherServlet.java:1089)
	at org.springframework.web.servlet.DispatcherServlet.doService(DispatcherServlet.java:979)
	at org.springframework.web.servlet.FrameworkServlet.processRequest(FrameworkServlet.java:1014)
	at org.springframework.web.servlet.FrameworkServlet.doPost(FrameworkServlet.java:914)
	at jakarta.servlet.http.HttpServlet.service(HttpServlet.java:590)
	at org.springframework.web.servlet.FrameworkServlet.service(FrameworkServlet.java:885)
	at jakarta.servlet.http.HttpServlet.service(HttpServlet.java:658)
	at org.apache.catalina.core.ApplicationFilterChain.internalDoFilter(ApplicationFilterChain.java:195)
	at org.apache.catalina.core.ApplicationFilterChain.doFilter(ApplicationFilterChain.java:140)
	at org.apache.tomcat.websocket.server.WsFilter.doFilter(WsFilter.java:51)
	at org.apache.catalina.core.ApplicationFilterChain.internalDoFilter(ApplicationFilterChain.java:164)
	at org.apache.catalina.core.ApplicationFilterChain.doFilter(ApplicationFilterChain.java:140)
	at org.springframework.web.filter.RequestContextFilter.doFilterInternal(RequestContextFilter.java:100)
	at org.springframework.web.filter.OncePerRequestFilter.doFilter(OncePerRequestFilter.java:116)
	at org.apache.catalina.core.ApplicationFilterChain.internalDoFilter(ApplicationFilterChain.java:164)
	at org.apache.catalina.core.ApplicationFilterChain.doFilter(ApplicationFilterChain.java:140)
	at org.springframework.web.filter.FormContentFilter.doFilterInternal(FormContentFilter.java:93)
	at org.springframework.web.filter.OncePerRequestFilter.doFilter(OncePerRequestFilter.java:116)
	at org.apache.catalina.core.ApplicationFilterChain.internalDoFilter(ApplicationFilterChain.java:164)
	at org.apache.catalina.core.ApplicationFilterChain.doFilter(ApplicationFilterChain.java:140)
	at org.springframework.web.filter.CharacterEncodingFilter.doFilterInternal(CharacterEncodingFilter.java:201)
	at org.springframework.web.filter.OncePerRequestFilter.doFilter(OncePerRequestFilter.java:116)
	at org.apache.catalina.core.ApplicationFilterChain.internalDoFilter(ApplicationFilterChain.java:164)
	at org.apache.catalina.core.ApplicationFilterChain.doFilter(ApplicationFilterChain.java:140)
	at org.apache.catalina.core.StandardWrapperValve.invoke(StandardWrapperValve.java:167)
	at org.apache.catalina.core.StandardContextValve.invoke(StandardContextValve.java:90)
	at org.apache.catalina.authenticator.AuthenticatorBase.invoke(AuthenticatorBase.java:483)
	at org.apache.catalina.core.StandardHostValve.invoke(StandardHostValve.java:116)
	at org.apache.catalina.valves.ErrorReportValve.invoke(ErrorReportValve.java:93)
	at org.apache.catalina.core.StandardEngineValve.invoke(StandardEngineValve.java:74)
	at org.apache.catalina.connector.CoyoteAdapter.service(CoyoteAdapter.java:344)
	at org.apache.coyote.http11.Http11Processor.service(Http11Processor.java:398)
	at org.apache.coyote.AbstractProcessorLight.process(AbstractProcessorLight.java:63)
	at org.apache.coyote.AbstractProtocol$ConnectionHandler.process(AbstractProtocol.java:903)
	at org.apache.tomcat.util.net.NioEndpoint$SocketProcessor.doRun(NioEndpoint.java:1769)
	at org.apache.tomcat.util.net.SocketProcessorBase.run(SocketProcessorBase.java:52)
	at org.apache.tomcat.util.threads.ThreadPoolExecutor.runWorker(ThreadPoolExecutor.java:1189)
	at org.apache.tomcat.util.threads.ThreadPoolExecutor$Worker.run(ThreadPoolExecutor.java:658)
	at org.apache.tomcat.util.threads.TaskThread$WrappingRunnable.run(TaskThread.java:63)
	at java.base/java.lang.Thread.run(Thread.java:1583)
2025-07-18 15:28:18 [restartedMain] ERROR c.ra.ss9.loggingdemo.LoggingExample - Log ERROR: đã xảy ra lỗi.
2025-07-18 15:28:22 [http-nio-9999-exec-1] ERROR o.a.c.c.C.[.[.[.[dispatcherServlet] - Servlet.service() for servlet [dispatcherServlet] in context with path [] threw exception [Request processing failed: java.lang.NullPointerException: Cannot invoke "org.springframework.web.multipart.MultipartFile.getOriginalFilename()" because "image" is null] with root cause
java.lang.NullPointerException: Cannot invoke "org.springframework.web.multipart.MultipartFile.getOriginalFilename()" because "image" is null
	at com.ra.ss9.controller.ImageUploadController.uploadImage(ImageUploadController.java:20)
	at java.base/jdk.internal.reflect.DirectMethodHandleAccessor.invoke(DirectMethodHandleAccessor.java:103)
	at java.base/java.lang.reflect.Method.invoke(Method.java:580)
	at org.springframework.web.method.support.InvocableHandlerMethod.doInvoke(InvocableHandlerMethod.java:258)
	at org.springframework.web.method.support.InvocableHandlerMethod.invokeForRequest(InvocableHandlerMethod.java:191)
	at org.springframework.web.servlet.mvc.method.annotation.ServletInvocableHandlerMethod.invokeAndHandle(ServletInvocableHandlerMethod.java:118)
	at org.springframework.web.servlet.mvc.method.annotation.RequestMappingHandlerAdapter.invokeHandlerMethod(RequestMappingHandlerAdapter.java:986)
	at org.springframework.web.servlet.mvc.method.annotation.RequestMappingHandlerAdapter.handleInternal(RequestMappingHandlerAdapter.java:891)
	at org.springframework.web.servlet.mvc.method.AbstractHandlerMethodAdapter.handle(AbstractHandlerMethodAdapter.java:87)
	at org.springframework.web.servlet.DispatcherServlet.doDispatch(DispatcherServlet.java:1089)
	at org.springframework.web.servlet.DispatcherServlet.doService(DispatcherServlet.java:979)
	at org.springframework.web.servlet.FrameworkServlet.processRequest(FrameworkServlet.java:1014)
	at org.springframework.web.servlet.FrameworkServlet.doPost(FrameworkServlet.java:914)
	at jakarta.servlet.http.HttpServlet.service(HttpServlet.java:590)
	at org.springframework.web.servlet.FrameworkServlet.service(FrameworkServlet.java:885)
	at jakarta.servlet.http.HttpServlet.service(HttpServlet.java:658)
	at org.apache.catalina.core.ApplicationFilterChain.internalDoFilter(ApplicationFilterChain.java:195)
	at org.apache.catalina.core.ApplicationFilterChain.doFilter(ApplicationFilterChain.java:140)
	at org.apache.tomcat.websocket.server.WsFilter.doFilter(WsFilter.java:51)
	at org.apache.catalina.core.ApplicationFilterChain.internalDoFilter(ApplicationFilterChain.java:164)
	at org.apache.catalina.core.ApplicationFilterChain.doFilter(ApplicationFilterChain.java:140)
	at org.springframework.web.filter.RequestContextFilter.doFilterInternal(RequestContextFilter.java:100)
	at org.springframework.web.filter.OncePerRequestFilter.doFilter(OncePerRequestFilter.java:116)
	at org.apache.catalina.core.ApplicationFilterChain.internalDoFilter(ApplicationFilterChain.java:164)
	at org.apache.catalina.core.ApplicationFilterChain.doFilter(ApplicationFilterChain.java:140)
	at org.springframework.web.filter.FormContentFilter.doFilterInternal(FormContentFilter.java:93)
	at org.springframework.web.filter.OncePerRequestFilter.doFilter(OncePerRequestFilter.java:116)
	at org.apache.catalina.core.ApplicationFilterChain.internalDoFilter(ApplicationFilterChain.java:164)
	at org.apache.catalina.core.ApplicationFilterChain.doFilter(ApplicationFilterChain.java:140)
	at org.springframework.web.filter.CharacterEncodingFilter.doFilterInternal(CharacterEncodingFilter.java:201)
	at org.springframework.web.filter.OncePerRequestFilter.doFilter(OncePerRequestFilter.java:116)
	at org.apache.catalina.core.ApplicationFilterChain.internalDoFilter(ApplicationFilterChain.java:164)
	at org.apache.catalina.core.ApplicationFilterChain.doFilter(ApplicationFilterChain.java:140)
	at org.apache.catalina.core.StandardWrapperValve.invoke(StandardWrapperValve.java:167)
	at org.apache.catalina.core.StandardContextValve.invoke(StandardContextValve.java:90)
	at org.apache.catalina.authenticator.AuthenticatorBase.invoke(AuthenticatorBase.java:483)
	at org.apache.catalina.core.StandardHostValve.invoke(StandardHostValve.java:116)
	at org.apache.catalina.valves.ErrorReportValve.invoke(ErrorReportValve.java:93)
	at org.apache.catalina.core.StandardEngineValve.invoke(StandardEngineValve.java:74)
	at org.apache.catalina.connector.CoyoteAdapter.service(CoyoteAdapter.java:344)
	at org.apache.coyote.http11.Http11Processor.service(Http11Processor.java:398)
	at org.apache.coyote.AbstractProcessorLight.process(AbstractProcessorLight.java:63)
	at org.apache.coyote.AbstractProtocol$ConnectionHandler.process(AbstractProtocol.java:903)
	at org.apache.tomcat.util.net.NioEndpoint$SocketProcessor.doRun(NioEndpoint.java:1769)
	at org.apache.tomcat.util.net.SocketProcessorBase.run(SocketProcessorBase.java:52)
	at org.apache.tomcat.util.threads.ThreadPoolExecutor.runWorker(ThreadPoolExecutor.java:1189)
	at org.apache.tomcat.util.threads.ThreadPoolExecutor$Worker.run(ThreadPoolExecutor.java:658)
	at org.apache.tomcat.util.threads.TaskThread$WrappingRunnable.run(TaskThread.java:63)
	at java.base/java.lang.Thread.run(Thread.java:1583)
2025-07-18 15:30:42 [restartedMain] ERROR c.ra.ss9.loggingdemo.LoggingExample - Log ERROR: đã xảy ra lỗi.
2025-07-18 15:30:42 [http-nio-9999-exec-1] ERROR o.a.c.c.C.[.[.[.[dispatcherServlet] - Servlet.service() for servlet [dispatcherServlet] in context with path [] threw exception [Request processing failed: java.lang.NullPointerException: Cannot invoke "org.springframework.web.multipart.MultipartFile.isEmpty()" because the return value of "com.ra.ss9.model.dto.request.ImageDTO.getFile()" is null] with root cause
java.lang.NullPointerException: Cannot invoke "org.springframework.web.multipart.MultipartFile.isEmpty()" because the return value of "com.ra.ss9.model.dto.request.ImageDTO.getFile()" is null
	at com.ra.ss9.controller.ImageUploadController.uploadImage(ImageUploadController.java:23)
	at java.base/jdk.internal.reflect.DirectMethodHandleAccessor.invoke(DirectMethodHandleAccessor.java:103)
	at java.base/java.lang.reflect.Method.invoke(Method.java:580)
	at org.springframework.web.method.support.InvocableHandlerMethod.doInvoke(InvocableHandlerMethod.java:258)
	at org.springframework.web.method.support.InvocableHandlerMethod.invokeForRequest(InvocableHandlerMethod.java:191)
	at org.springframework.web.servlet.mvc.method.annotation.ServletInvocableHandlerMethod.invokeAndHandle(ServletInvocableHandlerMethod.java:118)
	at org.springframework.web.servlet.mvc.method.annotation.RequestMappingHandlerAdapter.invokeHandlerMethod(RequestMappingHandlerAdapter.java:986)
	at org.springframework.web.servlet.mvc.method.annotation.RequestMappingHandlerAdapter.handleInternal(RequestMappingHandlerAdapter.java:891)
	at org.springframework.web.servlet.mvc.method.AbstractHandlerMethodAdapter.handle(AbstractHandlerMethodAdapter.java:87)
	at org.springframework.web.servlet.DispatcherServlet.doDispatch(DispatcherServlet.java:1089)
	at org.springframework.web.servlet.DispatcherServlet.doService(DispatcherServlet.java:979)
	at org.springframework.web.servlet.FrameworkServlet.processRequest(FrameworkServlet.java:1014)
	at org.springframework.web.servlet.FrameworkServlet.doPost(FrameworkServlet.java:914)
	at jakarta.servlet.http.HttpServlet.service(HttpServlet.java:590)
	at org.springframework.web.servlet.FrameworkServlet.service(FrameworkServlet.java:885)
	at jakarta.servlet.http.HttpServlet.service(HttpServlet.java:658)
	at org.apache.catalina.core.ApplicationFilterChain.internalDoFilter(ApplicationFilterChain.java:195)
	at org.apache.catalina.core.ApplicationFilterChain.doFilter(ApplicationFilterChain.java:140)
	at org.apache.tomcat.websocket.server.WsFilter.doFilter(WsFilter.java:51)
	at org.apache.catalina.core.ApplicationFilterChain.internalDoFilter(ApplicationFilterChain.java:164)
	at org.apache.catalina.core.ApplicationFilterChain.doFilter(ApplicationFilterChain.java:140)
	at org.springframework.web.filter.RequestContextFilter.doFilterInternal(RequestContextFilter.java:100)
	at org.springframework.web.filter.OncePerRequestFilter.doFilter(OncePerRequestFilter.java:116)
	at org.apache.catalina.core.ApplicationFilterChain.internalDoFilter(ApplicationFilterChain.java:164)
	at org.apache.catalina.core.ApplicationFilterChain.doFilter(ApplicationFilterChain.java:140)
	at org.springframework.web.filter.FormContentFilter.doFilterInternal(FormContentFilter.java:93)
	at org.springframework.web.filter.OncePerRequestFilter.doFilter(OncePerRequestFilter.java:116)
	at org.apache.catalina.core.ApplicationFilterChain.internalDoFilter(ApplicationFilterChain.java:164)
	at org.apache.catalina.core.ApplicationFilterChain.doFilter(ApplicationFilterChain.java:140)
	at org.springframework.web.filter.CharacterEncodingFilter.doFilterInternal(CharacterEncodingFilter.java:201)
	at org.springframework.web.filter.OncePerRequestFilter.doFilter(OncePerRequestFilter.java:116)
	at org.apache.catalina.core.ApplicationFilterChain.internalDoFilter(ApplicationFilterChain.java:164)
	at org.apache.catalina.core.ApplicationFilterChain.doFilter(ApplicationFilterChain.java:140)
	at org.apache.catalina.core.StandardWrapperValve.invoke(StandardWrapperValve.java:167)
	at org.apache.catalina.core.StandardContextValve.invoke(StandardContextValve.java:90)
	at org.apache.catalina.authenticator.AuthenticatorBase.invoke(AuthenticatorBase.java:483)
	at org.apache.catalina.core.StandardHostValve.invoke(StandardHostValve.java:116)
	at org.apache.catalina.valves.ErrorReportValve.invoke(ErrorReportValve.java:93)
	at org.apache.catalina.core.StandardEngineValve.invoke(StandardEngineValve.java:74)
	at org.apache.catalina.connector.CoyoteAdapter.service(CoyoteAdapter.java:344)
	at org.apache.coyote.http11.Http11Processor.service(Http11Processor.java:398)
	at org.apache.coyote.AbstractProcessorLight.process(AbstractProcessorLight.java:63)
	at org.apache.coyote.AbstractProtocol$ConnectionHandler.process(AbstractProtocol.java:903)
	at org.apache.tomcat.util.net.NioEndpoint$SocketProcessor.doRun(NioEndpoint.java:1769)
	at org.apache.tomcat.util.net.SocketProcessorBase.run(SocketProcessorBase.java:52)
	at org.apache.tomcat.util.threads.ThreadPoolExecutor.runWorker(ThreadPoolExecutor.java:1189)
	at org.apache.tomcat.util.threads.ThreadPoolExecutor$Worker.run(ThreadPoolExecutor.java:658)
	at org.apache.tomcat.util.threads.TaskThread$WrappingRunnable.run(TaskThread.java:63)
	at java.base/java.lang.Thread.run(Thread.java:1583)
2025-07-18 15:31:01 [http-nio-9999-exec-5] ERROR o.a.c.c.C.[.[.[.[dispatcherServlet] - Servlet.service() for servlet [dispatcherServlet] in context with path [] threw exception [Request processing failed: java.lang.NullPointerException: Cannot invoke "org.springframework.web.multipart.MultipartFile.isEmpty()" because the return value of "com.ra.ss9.model.dto.request.ImageDTO.getFile()" is null] with root cause
java.lang.NullPointerException: Cannot invoke "org.springframework.web.multipart.MultipartFile.isEmpty()" because the return value of "com.ra.ss9.model.dto.request.ImageDTO.getFile()" is null
	at com.ra.ss9.controller.ImageUploadController.uploadImage(ImageUploadController.java:23)
	at java.base/jdk.internal.reflect.DirectMethodHandleAccessor.invoke(DirectMethodHandleAccessor.java:103)
	at java.base/java.lang.reflect.Method.invoke(Method.java:580)
	at org.springframework.web.method.support.InvocableHandlerMethod.doInvoke(InvocableHandlerMethod.java:258)
	at org.springframework.web.method.support.InvocableHandlerMethod.invokeForRequest(InvocableHandlerMethod.java:191)
	at org.springframework.web.servlet.mvc.method.annotation.ServletInvocableHandlerMethod.invokeAndHandle(ServletInvocableHandlerMethod.java:118)
	at org.springframework.web.servlet.mvc.method.annotation.RequestMappingHandlerAdapter.invokeHandlerMethod(RequestMappingHandlerAdapter.java:986)
	at org.springframework.web.servlet.mvc.method.annotation.RequestMappingHandlerAdapter.handleInternal(RequestMappingHandlerAdapter.java:891)
	at org.springframework.web.servlet.mvc.method.AbstractHandlerMethodAdapter.handle(AbstractHandlerMethodAdapter.java:87)
	at org.springframework.web.servlet.DispatcherServlet.doDispatch(DispatcherServlet.java:1089)
	at org.springframework.web.servlet.DispatcherServlet.doService(DispatcherServlet.java:979)
	at org.springframework.web.servlet.FrameworkServlet.processRequest(FrameworkServlet.java:1014)
	at org.springframework.web.servlet.FrameworkServlet.doPost(FrameworkServlet.java:914)
	at jakarta.servlet.http.HttpServlet.service(HttpServlet.java:590)
	at org.springframework.web.servlet.FrameworkServlet.service(FrameworkServlet.java:885)
	at jakarta.servlet.http.HttpServlet.service(HttpServlet.java:658)
	at org.apache.catalina.core.ApplicationFilterChain.internalDoFilter(ApplicationFilterChain.java:195)
	at org.apache.catalina.core.ApplicationFilterChain.doFilter(ApplicationFilterChain.java:140)
	at org.apache.tomcat.websocket.server.WsFilter.doFilter(WsFilter.java:51)
	at org.apache.catalina.core.ApplicationFilterChain.internalDoFilter(ApplicationFilterChain.java:164)
	at org.apache.catalina.core.ApplicationFilterChain.doFilter(ApplicationFilterChain.java:140)
	at org.springframework.web.filter.RequestContextFilter.doFilterInternal(RequestContextFilter.java:100)
	at org.springframework.web.filter.OncePerRequestFilter.doFilter(OncePerRequestFilter.java:116)
	at org.apache.catalina.core.ApplicationFilterChain.internalDoFilter(ApplicationFilterChain.java:164)
	at org.apache.catalina.core.ApplicationFilterChain.doFilter(ApplicationFilterChain.java:140)
	at org.springframework.web.filter.FormContentFilter.doFilterInternal(FormContentFilter.java:93)
	at org.springframework.web.filter.OncePerRequestFilter.doFilter(OncePerRequestFilter.java:116)
	at org.apache.catalina.core.ApplicationFilterChain.internalDoFilter(ApplicationFilterChain.java:164)
	at org.apache.catalina.core.ApplicationFilterChain.doFilter(ApplicationFilterChain.java:140)
	at org.springframework.web.filter.CharacterEncodingFilter.doFilterInternal(CharacterEncodingFilter.java:201)
	at org.springframework.web.filter.OncePerRequestFilter.doFilter(OncePerRequestFilter.java:116)
	at org.apache.catalina.core.ApplicationFilterChain.internalDoFilter(ApplicationFilterChain.java:164)
	at org.apache.catalina.core.ApplicationFilterChain.doFilter(ApplicationFilterChain.java:140)
	at org.apache.catalina.core.StandardWrapperValve.invoke(StandardWrapperValve.java:167)
	at org.apache.catalina.core.StandardContextValve.invoke(StandardContextValve.java:90)
	at org.apache.catalina.authenticator.AuthenticatorBase.invoke(AuthenticatorBase.java:483)
	at org.apache.catalina.core.StandardHostValve.invoke(StandardHostValve.java:116)
	at org.apache.catalina.valves.ErrorReportValve.invoke(ErrorReportValve.java:93)
	at org.apache.catalina.core.StandardEngineValve.invoke(StandardEngineValve.java:74)
	at org.apache.catalina.connector.CoyoteAdapter.service(CoyoteAdapter.java:344)
	at org.apache.coyote.http11.Http11Processor.service(Http11Processor.java:398)
	at org.apache.coyote.AbstractProcessorLight.process(AbstractProcessorLight.java:63)
	at org.apache.coyote.AbstractProtocol$ConnectionHandler.process(AbstractProtocol.java:903)
	at org.apache.tomcat.util.net.NioEndpoint$SocketProcessor.doRun(NioEndpoint.java:1769)
	at org.apache.tomcat.util.net.SocketProcessorBase.run(SocketProcessorBase.java:52)
	at org.apache.tomcat.util.threads.ThreadPoolExecutor.runWorker(ThreadPoolExecutor.java:1189)
	at org.apache.tomcat.util.threads.ThreadPoolExecutor$Worker.run(ThreadPoolExecutor.java:658)
	at org.apache.tomcat.util.threads.TaskThread$WrappingRunnable.run(TaskThread.java:63)
	at java.base/java.lang.Thread.run(Thread.java:1583)
2025-07-18 15:32:01 [restartedMain] ERROR c.ra.ss9.loggingdemo.LoggingExample - Log ERROR: đã xảy ra lỗi.
2025-07-18 15:34:01 [http-nio-9999-exec-4] ERROR o.a.c.c.C.[.[.[.[dispatcherServlet] - Servlet.service() for servlet [dispatcherServlet] in context with path [] threw exception [Request processing failed: java.lang.NullPointerException: Cannot invoke "org.springframework.web.multipart.MultipartFile.isEmpty()" because the return value of "com.ra.ss9.model.dto.request.ImageDTO.getFile()" is null] with root cause
java.lang.NullPointerException: Cannot invoke "org.springframework.web.multipart.MultipartFile.isEmpty()" because the return value of "com.ra.ss9.model.dto.request.ImageDTO.getFile()" is null
	at com.ra.ss9.controller.ImageUploadController.uploadImage(ImageUploadController.java:23)
	at java.base/jdk.internal.reflect.DirectMethodHandleAccessor.invoke(DirectMethodHandleAccessor.java:103)
	at java.base/java.lang.reflect.Method.invoke(Method.java:580)
	at org.springframework.web.method.support.InvocableHandlerMethod.doInvoke(InvocableHandlerMethod.java:258)
	at org.springframework.web.method.support.InvocableHandlerMethod.invokeForRequest(InvocableHandlerMethod.java:191)
	at org.springframework.web.servlet.mvc.method.annotation.ServletInvocableHandlerMethod.invokeAndHandle(ServletInvocableHandlerMethod.java:118)
	at org.springframework.web.servlet.mvc.method.annotation.RequestMappingHandlerAdapter.invokeHandlerMethod(RequestMappingHandlerAdapter.java:986)
	at org.springframework.web.servlet.mvc.method.annotation.RequestMappingHandlerAdapter.handleInternal(RequestMappingHandlerAdapter.java:891)
	at org.springframework.web.servlet.mvc.method.AbstractHandlerMethodAdapter.handle(AbstractHandlerMethodAdapter.java:87)
	at org.springframework.web.servlet.DispatcherServlet.doDispatch(DispatcherServlet.java:1089)
	at org.springframework.web.servlet.DispatcherServlet.doService(DispatcherServlet.java:979)
	at org.springframework.web.servlet.FrameworkServlet.processRequest(FrameworkServlet.java:1014)
	at org.springframework.web.servlet.FrameworkServlet.doPost(FrameworkServlet.java:914)
	at jakarta.servlet.http.HttpServlet.service(HttpServlet.java:590)
	at org.springframework.web.servlet.FrameworkServlet.service(FrameworkServlet.java:885)
	at jakarta.servlet.http.HttpServlet.service(HttpServlet.java:658)
	at org.apache.catalina.core.ApplicationFilterChain.internalDoFilter(ApplicationFilterChain.java:195)
	at org.apache.catalina.core.ApplicationFilterChain.doFilter(ApplicationFilterChain.java:140)
	at org.apache.tomcat.websocket.server.WsFilter.doFilter(WsFilter.java:51)
	at org.apache.catalina.core.ApplicationFilterChain.internalDoFilter(ApplicationFilterChain.java:164)
	at org.apache.catalina.core.ApplicationFilterChain.doFilter(ApplicationFilterChain.java:140)
	at org.springframework.web.filter.RequestContextFilter.doFilterInternal(RequestContextFilter.java:100)
	at org.springframework.web.filter.OncePerRequestFilter.doFilter(OncePerRequestFilter.java:116)
	at org.apache.catalina.core.ApplicationFilterChain.internalDoFilter(ApplicationFilterChain.java:164)
	at org.apache.catalina.core.ApplicationFilterChain.doFilter(ApplicationFilterChain.java:140)
	at org.springframework.web.filter.FormContentFilter.doFilterInternal(FormContentFilter.java:93)
	at org.springframework.web.filter.OncePerRequestFilter.doFilter(OncePerRequestFilter.java:116)
	at org.apache.catalina.core.ApplicationFilterChain.internalDoFilter(ApplicationFilterChain.java:164)
	at org.apache.catalina.core.ApplicationFilterChain.doFilter(ApplicationFilterChain.java:140)
	at org.springframework.web.filter.CharacterEncodingFilter.doFilterInternal(CharacterEncodingFilter.java:201)
	at org.springframework.web.filter.OncePerRequestFilter.doFilter(OncePerRequestFilter.java:116)
	at org.apache.catalina.core.ApplicationFilterChain.internalDoFilter(ApplicationFilterChain.java:164)
	at org.apache.catalina.core.ApplicationFilterChain.doFilter(ApplicationFilterChain.java:140)
	at org.apache.catalina.core.StandardWrapperValve.invoke(StandardWrapperValve.java:167)
	at org.apache.catalina.core.StandardContextValve.invoke(StandardContextValve.java:90)
	at org.apache.catalina.authenticator.AuthenticatorBase.invoke(AuthenticatorBase.java:483)
	at org.apache.catalina.core.StandardHostValve.invoke(StandardHostValve.java:116)
	at org.apache.catalina.valves.ErrorReportValve.invoke(ErrorReportValve.java:93)
	at org.apache.catalina.core.StandardEngineValve.invoke(StandardEngineValve.java:74)
	at org.apache.catalina.connector.CoyoteAdapter.service(CoyoteAdapter.java:344)
	at org.apache.coyote.http11.Http11Processor.service(Http11Processor.java:398)
	at org.apache.coyote.AbstractProcessorLight.process(AbstractProcessorLight.java:63)
	at org.apache.coyote.AbstractProtocol$ConnectionHandler.process(AbstractProtocol.java:903)
	at org.apache.tomcat.util.net.NioEndpoint$SocketProcessor.doRun(NioEndpoint.java:1769)
	at org.apache.tomcat.util.net.SocketProcessorBase.run(SocketProcessorBase.java:52)
	at org.apache.tomcat.util.threads.ThreadPoolExecutor.runWorker(ThreadPoolExecutor.java:1189)
	at org.apache.tomcat.util.threads.ThreadPoolExecutor$Worker.run(ThreadPoolExecutor.java:658)
	at org.apache.tomcat.util.threads.TaskThread$WrappingRunnable.run(TaskThread.java:63)
	at java.base/java.lang.Thread.run(Thread.java:1583)
2025-07-18 15:34:01 [http-nio-9999-exec-1] ERROR o.a.c.c.C.[.[.[.[dispatcherServlet] - Servlet.service() for servlet [dispatcherServlet] in context with path [] threw exception [Request processing failed: java.lang.NullPointerException: Cannot invoke "org.springframework.web.multipart.MultipartFile.isEmpty()" because the return value of "com.ra.ss9.model.dto.request.ImageDTO.getFile()" is null] with root cause
java.lang.NullPointerException: Cannot invoke "org.springframework.web.multipart.MultipartFile.isEmpty()" because the return value of "com.ra.ss9.model.dto.request.ImageDTO.getFile()" is null
	at com.ra.ss9.controller.ImageUploadController.uploadImage(ImageUploadController.java:23)
	at java.base/jdk.internal.reflect.DirectMethodHandleAccessor.invoke(DirectMethodHandleAccessor.java:103)
	at java.base/java.lang.reflect.Method.invoke(Method.java:580)
	at org.springframework.web.method.support.InvocableHandlerMethod.doInvoke(InvocableHandlerMethod.java:258)
	at org.springframework.web.method.support.InvocableHandlerMethod.invokeForRequest(InvocableHandlerMethod.java:191)
	at org.springframework.web.servlet.mvc.method.annotation.ServletInvocableHandlerMethod.invokeAndHandle(ServletInvocableHandlerMethod.java:118)
	at org.springframework.web.servlet.mvc.method.annotation.RequestMappingHandlerAdapter.invokeHandlerMethod(RequestMappingHandlerAdapter.java:986)
	at org.springframework.web.servlet.mvc.method.annotation.RequestMappingHandlerAdapter.handleInternal(RequestMappingHandlerAdapter.java:891)
	at org.springframework.web.servlet.mvc.method.AbstractHandlerMethodAdapter.handle(AbstractHandlerMethodAdapter.java:87)
	at org.springframework.web.servlet.DispatcherServlet.doDispatch(DispatcherServlet.java:1089)
	at org.springframework.web.servlet.DispatcherServlet.doService(DispatcherServlet.java:979)
	at org.springframework.web.servlet.FrameworkServlet.processRequest(FrameworkServlet.java:1014)
	at org.springframework.web.servlet.FrameworkServlet.doPost(FrameworkServlet.java:914)
	at jakarta.servlet.http.HttpServlet.service(HttpServlet.java:590)
	at org.springframework.web.servlet.FrameworkServlet.service(FrameworkServlet.java:885)
	at jakarta.servlet.http.HttpServlet.service(HttpServlet.java:658)
	at org.apache.catalina.core.ApplicationFilterChain.internalDoFilter(ApplicationFilterChain.java:195)
	at org.apache.catalina.core.ApplicationFilterChain.doFilter(ApplicationFilterChain.java:140)
	at org.apache.tomcat.websocket.server.WsFilter.doFilter(WsFilter.java:51)
	at org.apache.catalina.core.ApplicationFilterChain.internalDoFilter(ApplicationFilterChain.java:164)
	at org.apache.catalina.core.ApplicationFilterChain.doFilter(ApplicationFilterChain.java:140)
	at org.springframework.web.filter.RequestContextFilter.doFilterInternal(RequestContextFilter.java:100)
	at org.springframework.web.filter.OncePerRequestFilter.doFilter(OncePerRequestFilter.java:116)
	at org.apache.catalina.core.ApplicationFilterChain.internalDoFilter(ApplicationFilterChain.java:164)
	at org.apache.catalina.core.ApplicationFilterChain.doFilter(ApplicationFilterChain.java:140)
	at org.springframework.web.filter.FormContentFilter.doFilterInternal(FormContentFilter.java:93)
	at org.springframework.web.filter.OncePerRequestFilter.doFilter(OncePerRequestFilter.java:116)
	at org.apache.catalina.core.ApplicationFilterChain.internalDoFilter(ApplicationFilterChain.java:164)
	at org.apache.catalina.core.ApplicationFilterChain.doFilter(ApplicationFilterChain.java:140)
	at org.springframework.web.filter.CharacterEncodingFilter.doFilterInternal(CharacterEncodingFilter.java:201)
	at org.springframework.web.filter.OncePerRequestFilter.doFilter(OncePerRequestFilter.java:116)
	at org.apache.catalina.core.ApplicationFilterChain.internalDoFilter(ApplicationFilterChain.java:164)
	at org.apache.catalina.core.ApplicationFilterChain.doFilter(ApplicationFilterChain.java:140)
	at org.apache.catalina.core.StandardWrapperValve.invoke(StandardWrapperValve.java:167)
	at org.apache.catalina.core.StandardContextValve.invoke(StandardContextValve.java:90)
	at org.apache.catalina.authenticator.AuthenticatorBase.invoke(AuthenticatorBase.java:483)
	at org.apache.catalina.core.StandardHostValve.invoke(StandardHostValve.java:116)
	at org.apache.catalina.valves.ErrorReportValve.invoke(ErrorReportValve.java:93)
	at org.apache.catalina.core.StandardEngineValve.invoke(StandardEngineValve.java:74)
	at org.apache.catalina.connector.CoyoteAdapter.service(CoyoteAdapter.java:344)
	at org.apache.coyote.http11.Http11Processor.service(Http11Processor.java:398)
	at org.apache.coyote.AbstractProcessorLight.process(AbstractProcessorLight.java:63)
	at org.apache.coyote.AbstractProtocol$ConnectionHandler.process(AbstractProtocol.java:903)
	at org.apache.tomcat.util.net.NioEndpoint$SocketProcessor.doRun(NioEndpoint.java:1769)
	at org.apache.tomcat.util.net.SocketProcessorBase.run(SocketProcessorBase.java:52)
	at org.apache.tomcat.util.threads.ThreadPoolExecutor.runWorker(ThreadPoolExecutor.java:1189)
	at org.apache.tomcat.util.threads.ThreadPoolExecutor$Worker.run(ThreadPoolExecutor.java:658)
	at org.apache.tomcat.util.threads.TaskThread$WrappingRunnable.run(TaskThread.java:63)
	at java.base/java.lang.Thread.run(Thread.java:1583)
2025-07-18 15:34:10 [restartedMain] ERROR c.ra.ss9.loggingdemo.LoggingExample - Log ERROR: đã xảy ra lỗi.
2025-07-18 15:34:11 [http-nio-9999-exec-2] ERROR o.a.c.c.C.[.[.[.[dispatcherServlet] - Servlet.service() for servlet [dispatcherServlet] in context with path [] threw exception [Request processing failed: java.lang.NullPointerException: Cannot invoke "org.springframework.web.multipart.MultipartFile.isEmpty()" because the return value of "com.ra.ss9.model.dto.request.ImageDTO.getFile()" is null] with root cause
java.lang.NullPointerException: Cannot invoke "org.springframework.web.multipart.MultipartFile.isEmpty()" because the return value of "com.ra.ss9.model.dto.request.ImageDTO.getFile()" is null
	at com.ra.ss9.controller.ImageUploadController.uploadImage(ImageUploadController.java:23)
	at java.base/jdk.internal.reflect.DirectMethodHandleAccessor.invoke(DirectMethodHandleAccessor.java:103)
	at java.base/java.lang.reflect.Method.invoke(Method.java:580)
	at org.springframework.web.method.support.InvocableHandlerMethod.doInvoke(InvocableHandlerMethod.java:258)
	at org.springframework.web.method.support.InvocableHandlerMethod.invokeForRequest(InvocableHandlerMethod.java:191)
	at org.springframework.web.servlet.mvc.method.annotation.ServletInvocableHandlerMethod.invokeAndHandle(ServletInvocableHandlerMethod.java:118)
	at org.springframework.web.servlet.mvc.method.annotation.RequestMappingHandlerAdapter.invokeHandlerMethod(RequestMappingHandlerAdapter.java:986)
	at org.springframework.web.servlet.mvc.method.annotation.RequestMappingHandlerAdapter.handleInternal(RequestMappingHandlerAdapter.java:891)
	at org.springframework.web.servlet.mvc.method.AbstractHandlerMethodAdapter.handle(AbstractHandlerMethodAdapter.java:87)
	at org.springframework.web.servlet.DispatcherServlet.doDispatch(DispatcherServlet.java:1089)
	at org.springframework.web.servlet.DispatcherServlet.doService(DispatcherServlet.java:979)
	at org.springframework.web.servlet.FrameworkServlet.processRequest(FrameworkServlet.java:1014)
	at org.springframework.web.servlet.FrameworkServlet.doPost(FrameworkServlet.java:914)
	at jakarta.servlet.http.HttpServlet.service(HttpServlet.java:590)
	at org.springframework.web.servlet.FrameworkServlet.service(FrameworkServlet.java:885)
	at jakarta.servlet.http.HttpServlet.service(HttpServlet.java:658)
	at org.apache.catalina.core.ApplicationFilterChain.internalDoFilter(ApplicationFilterChain.java:195)
	at org.apache.catalina.core.ApplicationFilterChain.doFilter(ApplicationFilterChain.java:140)
	at org.apache.tomcat.websocket.server.WsFilter.doFilter(WsFilter.java:51)
	at org.apache.catalina.core.ApplicationFilterChain.internalDoFilter(ApplicationFilterChain.java:164)
	at org.apache.catalina.core.ApplicationFilterChain.doFilter(ApplicationFilterChain.java:140)
	at org.springframework.web.filter.RequestContextFilter.doFilterInternal(RequestContextFilter.java:100)
	at org.springframework.web.filter.OncePerRequestFilter.doFilter(OncePerRequestFilter.java:116)
	at org.apache.catalina.core.ApplicationFilterChain.internalDoFilter(ApplicationFilterChain.java:164)
	at org.apache.catalina.core.ApplicationFilterChain.doFilter(ApplicationFilterChain.java:140)
	at org.springframework.web.filter.FormContentFilter.doFilterInternal(FormContentFilter.java:93)
	at org.springframework.web.filter.OncePerRequestFilter.doFilter(OncePerRequestFilter.java:116)
	at org.apache.catalina.core.ApplicationFilterChain.internalDoFilter(ApplicationFilterChain.java:164)
	at org.apache.catalina.core.ApplicationFilterChain.doFilter(ApplicationFilterChain.java:140)
	at org.springframework.web.filter.CharacterEncodingFilter.doFilterInternal(CharacterEncodingFilter.java:201)
	at org.springframework.web.filter.OncePerRequestFilter.doFilter(OncePerRequestFilter.java:116)
	at org.apache.catalina.core.ApplicationFilterChain.internalDoFilter(ApplicationFilterChain.java:164)
	at org.apache.catalina.core.ApplicationFilterChain.doFilter(ApplicationFilterChain.java:140)
	at org.apache.catalina.core.StandardWrapperValve.invoke(StandardWrapperValve.java:167)
	at org.apache.catalina.core.StandardContextValve.invoke(StandardContextValve.java:90)
	at org.apache.catalina.authenticator.AuthenticatorBase.invoke(AuthenticatorBase.java:483)
	at org.apache.catalina.core.StandardHostValve.invoke(StandardHostValve.java:116)
	at org.apache.catalina.valves.ErrorReportValve.invoke(ErrorReportValve.java:93)
	at org.apache.catalina.core.StandardEngineValve.invoke(StandardEngineValve.java:74)
	at org.apache.catalina.connector.CoyoteAdapter.service(CoyoteAdapter.java:344)
	at org.apache.coyote.http11.Http11Processor.service(Http11Processor.java:398)
	at org.apache.coyote.AbstractProcessorLight.process(AbstractProcessorLight.java:63)
	at org.apache.coyote.AbstractProtocol$ConnectionHandler.process(AbstractProtocol.java:903)
	at org.apache.tomcat.util.net.NioEndpoint$SocketProcessor.doRun(NioEndpoint.java:1769)
	at org.apache.tomcat.util.net.SocketProcessorBase.run(SocketProcessorBase.java:52)
	at org.apache.tomcat.util.threads.ThreadPoolExecutor.runWorker(ThreadPoolExecutor.java:1189)
	at org.apache.tomcat.util.threads.ThreadPoolExecutor$Worker.run(ThreadPoolExecutor.java:658)
	at org.apache.tomcat.util.threads.TaskThread$WrappingRunnable.run(TaskThread.java:63)
	at java.base/java.lang.Thread.run(Thread.java:1583)
2025-07-18 15:35:28 [http-nio-9999-exec-3] ERROR o.a.c.c.C.[.[.[.[dispatcherServlet] - Servlet.service() for servlet [dispatcherServlet] in context with path [] threw exception [Request processing failed: java.lang.IllegalArgumentException: Must supply api_key] with root cause
java.lang.IllegalArgumentException: Must supply api_key
	at com.cloudinary.Cloudinary.signRequest(Cloudinary.java:211)
	at com.cloudinary.Uploader.signRequestParams(Uploader.java:546)
	at com.cloudinary.http44.UploaderStrategy.callApi(UploaderStrategy.java:73)
	at com.cloudinary.Uploader.callApi(Uploader.java:34)
	at com.cloudinary.Uploader.upload(Uploader.java:76)
	at com.cloudinary.Uploader.upload(Uploader.java:68)
	at com.ra.ss9.service.CloudinaryService.uploadImage(CloudinaryService.java:30)
	at com.ra.ss9.controller.ImageUploadController.uploadImage(ImageUploadController.java:28)
	at java.base/jdk.internal.reflect.DirectMethodHandleAccessor.invoke(DirectMethodHandleAccessor.java:103)
	at java.base/java.lang.reflect.Method.invoke(Method.java:580)
	at org.springframework.web.method.support.InvocableHandlerMethod.doInvoke(InvocableHandlerMethod.java:258)
	at org.springframework.web.method.support.InvocableHandlerMethod.invokeForRequest(InvocableHandlerMethod.java:191)
	at org.springframework.web.servlet.mvc.method.annotation.ServletInvocableHandlerMethod.invokeAndHandle(ServletInvocableHandlerMethod.java:118)
	at org.springframework.web.servlet.mvc.method.annotation.RequestMappingHandlerAdapter.invokeHandlerMethod(RequestMappingHandlerAdapter.java:986)
	at org.springframework.web.servlet.mvc.method.annotation.RequestMappingHandlerAdapter.handleInternal(RequestMappingHandlerAdapter.java:891)
	at org.springframework.web.servlet.mvc.method.AbstractHandlerMethodAdapter.handle(AbstractHandlerMethodAdapter.java:87)
	at org.springframework.web.servlet.DispatcherServlet.doDispatch(DispatcherServlet.java:1089)
	at org.springframework.web.servlet.DispatcherServlet.doService(DispatcherServlet.java:979)
	at org.springframework.web.servlet.FrameworkServlet.processRequest(FrameworkServlet.java:1014)
	at org.springframework.web.servlet.FrameworkServlet.doPost(FrameworkServlet.java:914)
	at jakarta.servlet.http.HttpServlet.service(HttpServlet.java:590)
	at org.springframework.web.servlet.FrameworkServlet.service(FrameworkServlet.java:885)
	at jakarta.servlet.http.HttpServlet.service(HttpServlet.java:658)
	at org.apache.catalina.core.ApplicationFilterChain.internalDoFilter(ApplicationFilterChain.java:195)
	at org.apache.catalina.core.ApplicationFilterChain.doFilter(ApplicationFilterChain.java:140)
	at org.apache.tomcat.websocket.server.WsFilter.doFilter(WsFilter.java:51)
	at org.apache.catalina.core.ApplicationFilterChain.internalDoFilter(ApplicationFilterChain.java:164)
	at org.apache.catalina.core.ApplicationFilterChain.doFilter(ApplicationFilterChain.java:140)
	at org.springframework.web.filter.RequestContextFilter.doFilterInternal(RequestContextFilter.java:100)
	at org.springframework.web.filter.OncePerRequestFilter.doFilter(OncePerRequestFilter.java:116)
	at org.apache.catalina.core.ApplicationFilterChain.internalDoFilter(ApplicationFilterChain.java:164)
	at org.apache.catalina.core.ApplicationFilterChain.doFilter(ApplicationFilterChain.java:140)
	at org.springframework.web.filter.FormContentFilter.doFilterInternal(FormContentFilter.java:93)
	at org.springframework.web.filter.OncePerRequestFilter.doFilter(OncePerRequestFilter.java:116)
	at org.apache.catalina.core.ApplicationFilterChain.internalDoFilter(ApplicationFilterChain.java:164)
	at org.apache.catalina.core.ApplicationFilterChain.doFilter(ApplicationFilterChain.java:140)
	at org.springframework.web.filter.CharacterEncodingFilter.doFilterInternal(CharacterEncodingFilter.java:201)
	at org.springframework.web.filter.OncePerRequestFilter.doFilter(OncePerRequestFilter.java:116)
	at org.apache.catalina.core.ApplicationFilterChain.internalDoFilter(ApplicationFilterChain.java:164)
	at org.apache.catalina.core.ApplicationFilterChain.doFilter(ApplicationFilterChain.java:140)
	at org.apache.catalina.core.StandardWrapperValve.invoke(StandardWrapperValve.java:167)
	at org.apache.catalina.core.StandardContextValve.invoke(StandardContextValve.java:90)
	at org.apache.catalina.authenticator.AuthenticatorBase.invoke(AuthenticatorBase.java:483)
	at org.apache.catalina.core.StandardHostValve.invoke(StandardHostValve.java:116)
	at org.apache.catalina.valves.ErrorReportValve.invoke(ErrorReportValve.java:93)
	at org.apache.catalina.core.StandardEngineValve.invoke(StandardEngineValve.java:74)
	at org.apache.catalina.connector.CoyoteAdapter.service(CoyoteAdapter.java:344)
	at org.apache.coyote.http11.Http11Processor.service(Http11Processor.java:398)
	at org.apache.coyote.AbstractProcessorLight.process(AbstractProcessorLight.java:63)
	at org.apache.coyote.AbstractProtocol$ConnectionHandler.process(AbstractProtocol.java:903)
	at org.apache.tomcat.util.net.NioEndpoint$SocketProcessor.doRun(NioEndpoint.java:1769)
	at org.apache.tomcat.util.net.SocketProcessorBase.run(SocketProcessorBase.java:52)
	at org.apache.tomcat.util.threads.ThreadPoolExecutor.runWorker(ThreadPoolExecutor.java:1189)
	at org.apache.tomcat.util.threads.ThreadPoolExecutor$Worker.run(ThreadPoolExecutor.java:658)
	at org.apache.tomcat.util.threads.TaskThread$WrappingRunnable.run(TaskThread.java:63)
	at java.base/java.lang.Thread.run(Thread.java:1583)
2025-07-18 15:36:18 [restartedMain] ERROR c.ra.ss9.loggingdemo.LoggingExample - Log ERROR: đã xảy ra lỗi.
2025-07-18 15:36:20 [restartedMain] ERROR c.ra.ss9.loggingdemo.LoggingExample - Log ERROR: đã xảy ra lỗi.
2025-07-18 15:36:58 [restartedMain] ERROR c.ra.ss9.loggingdemo.LoggingExample - Log ERROR: đã xảy ra lỗi.
2025-07-18 15:39:01 [restartedMain] ERROR c.ra.ss9.loggingdemo.LoggingExample - Log ERROR: đã xảy ra lỗi.
2025-07-18 15:41:28 [restartedMain] ERROR c.ra.ss9.loggingdemo.LoggingExample - Log ERROR: đã xảy ra lỗi.
2025-07-18 15:41:35 [restartedMain] ERROR c.ra.ss9.loggingdemo.LoggingExample - Log ERROR: đã xảy ra lỗi.
2025-07-18 15:41:41 [restartedMain] ERROR c.ra.ss9.loggingdemo.LoggingExample - Log ERROR: đã xảy ra lỗi.
2025-07-18 15:45:36 [restartedMain] ERROR o.s.boot.SpringApplication - Application run failed
java.lang.IllegalStateException: java.lang.IllegalStateException: Logback configuration error detected: 
ERROR in ch.qos.logback.core.model.processor.AppenderModelHandler - Could not create an Appender of type [net.logstash.logback.appender.LoggingEventCompositeJsonEncoder]. ch.qos.logback.core.util.DynamicClassLoadingException: Failed to instantiate type net.logstash.logback.appender.LoggingEventCompositeJsonEncoder
ERROR in ch.qos.logback.core.model.processor.DefaultProcessor@7cc694e8 - Failed to traverse model appender ch.qos.logback.core.model.processor.ModelHandlerException: ch.qos.logback.core.util.DynamicClassLoadingException: Failed to instantiate type net.logstash.logback.appender.LoggingEventCompositeJsonEncoder
ERROR in ch.qos.logback.core.model.processor.AppenderModelHandler - Could not create an Appender of type [net.logstash.logback.appender.LoggingEventCompositeJsonEncoder]. ch.qos.logback.core.util.DynamicClassLoadingException: Failed to instantiate type net.logstash.logback.appender.LoggingEventCompositeJsonEncoder
ERROR in ch.qos.logback.core.model.processor.DefaultProcessor@7cc694e8 - Failed to traverse model appender ch.qos.logback.core.model.processor.ModelHandlerException: ch.qos.logback.core.util.DynamicClassLoadingException: Failed to instantiate type net.logstash.logback.appender.LoggingEventCompositeJsonEncoder
	at org.springframework.boot.context.logging.LoggingApplicationListener.initializeSystem(LoggingApplicationListener.java:347)
	at org.springframework.boot.context.logging.LoggingApplicationListener.initialize(LoggingApplicationListener.java:298)
	at org.springframework.boot.context.logging.LoggingApplicationListener.onApplicationEnvironmentPreparedEvent(LoggingApplicationListener.java:246)
	at org.springframework.boot.context.logging.LoggingApplicationListener.onApplicationEvent(LoggingApplicationListener.java:223)
	at org.springframework.context.event.SimpleApplicationEventMulticaster.doInvokeListener(SimpleApplicationEventMulticaster.java:185)
	at org.springframework.context.event.SimpleApplicationEventMulticaster.invokeListener(SimpleApplicationEventMulticaster.java:178)
	at org.springframework.context.event.SimpleApplicationEventMulticaster.multicastEvent(SimpleApplicationEventMulticaster.java:156)
	at org.springframework.context.event.SimpleApplicationEventMulticaster.multicastEvent(SimpleApplicationEventMulticaster.java:138)
	at org.springframework.boot.context.event.EventPublishingRunListener.multicastInitialEvent(EventPublishingRunListener.java:136)
	at org.springframework.boot.context.event.EventPublishingRunListener.environmentPrepared(EventPublishingRunListener.java:81)
	at org.springframework.boot.SpringApplicationRunListeners.lambda$environmentPrepared$2(SpringApplicationRunListeners.java:64)
	at java.base/java.lang.Iterable.forEach(Iterable.java:75)
	at org.springframework.boot.SpringApplicationRunListeners.doWithListeners(SpringApplicationRunListeners.java:118)
	at org.springframework.boot.SpringApplicationRunListeners.doWithListeners(SpringApplicationRunListeners.java:112)
	at org.springframework.boot.SpringApplicationRunListeners.environmentPrepared(SpringApplicationRunListeners.java:63)
	at org.springframework.boot.SpringApplication.prepareEnvironment(SpringApplication.java:353)
	at org.springframework.boot.SpringApplication.run(SpringApplication.java:313)
	at org.springframework.boot.SpringApplication.run(SpringApplication.java:1361)
	at org.springframework.boot.SpringApplication.run(SpringApplication.java:1350)
	at com.ra.ss9.Ss9Application.main(Ss9Application.java:10)
	at java.base/jdk.internal.reflect.DirectMethodHandleAccessor.invoke(DirectMethodHandleAccessor.java:103)
	at java.base/java.lang.reflect.Method.invoke(Method.java:580)
	at org.springframework.boot.devtools.restart.RestartLauncher.run(RestartLauncher.java:50)
Caused by: java.lang.IllegalStateException: Logback configuration error detected: 
ERROR in ch.qos.logback.core.model.processor.AppenderModelHandler - Could not create an Appender of type [net.logstash.logback.appender.LoggingEventCompositeJsonEncoder]. ch.qos.logback.core.util.DynamicClassLoadingException: Failed to instantiate type net.logstash.logback.appender.LoggingEventCompositeJsonEncoder
ERROR in ch.qos.logback.core.model.processor.DefaultProcessor@7cc694e8 - Failed to traverse model appender ch.qos.logback.core.model.processor.ModelHandlerException: ch.qos.logback.core.util.DynamicClassLoadingException: Failed to instantiate type net.logstash.logback.appender.LoggingEventCompositeJsonEncoder
ERROR in ch.qos.logback.core.model.processor.AppenderModelHandler - Could not create an Appender of type [net.logstash.logback.appender.LoggingEventCompositeJsonEncoder]. ch.qos.logback.core.util.DynamicClassLoadingException: Failed to instantiate type net.logstash.logback.appender.LoggingEventCompositeJsonEncoder
ERROR in ch.qos.logback.core.model.processor.DefaultProcessor@7cc694e8 - Failed to traverse model appender ch.qos.logback.core.model.processor.ModelHandlerException: ch.qos.logback.core.util.DynamicClassLoadingException: Failed to instantiate type net.logstash.logback.appender.LoggingEventCompositeJsonEncoder
	at org.springframework.boot.logging.logback.LogbackLoggingSystem.reportConfigurationErrorsIfNecessary(LogbackLoggingSystem.java:289)
	at org.springframework.boot.logging.logback.LogbackLoggingSystem.loadConfiguration(LogbackLoggingSystem.java:267)
	at org.springframework.boot.logging.AbstractLoggingSystem.initializeWithConventions(AbstractLoggingSystem.java:81)
	at org.springframework.boot.logging.AbstractLoggingSystem.initialize(AbstractLoggingSystem.java:61)
	at org.springframework.boot.logging.logback.LogbackLoggingSystem.initialize(LogbackLoggingSystem.java:195)
	at org.springframework.boot.context.logging.LoggingApplicationListener.initializeSystem(LoggingApplicationListener.java:332)
	... 22 common frames omitted
	Suppressed: ch.qos.logback.core.util.DynamicClassLoadingException: Failed to instantiate type net.logstash.logback.appender.LoggingEventCompositeJsonEncoder
		at ch.qos.logback.core.util.OptionHelper.instantiateByClassNameAndParameter(OptionHelper.java:69)
		at ch.qos.logback.core.util.OptionHelper.instantiateByClassName(OptionHelper.java:44)
		at ch.qos.logback.core.util.OptionHelper.instantiateByClassName(OptionHelper.java:33)
		at ch.qos.logback.core.model.processor.AppenderModelHandler.handle(AppenderModelHandler.java:67)
		at ch.qos.logback.core.model.processor.DefaultProcessor.secondPhaseTraverse(DefaultProcessor.java:241)
		at ch.qos.logback.core.model.processor.DefaultProcessor.secondPhaseTraverse(DefaultProcessor.java:253)
		at ch.qos.logback.core.model.processor.DefaultProcessor.traversalLoop(DefaultProcessor.java:90)
		at ch.qos.logback.core.model.processor.DefaultProcessor.process(DefaultProcessor.java:106)
		at ch.qos.logback.core.joran.GenericXMLConfigurator.processModel(GenericXMLConfigurator.java:222)
		at org.springframework.boot.logging.logback.SpringBootJoranConfigurator.processModel(SpringBootJoranConfigurator.java:136)
		at ch.qos.logback.core.joran.GenericXMLConfigurator.doConfigure(GenericXMLConfigurator.java:178)
		at ch.qos.logback.core.joran.GenericXMLConfigurator.doConfigure(GenericXMLConfigurator.java:123)
		at ch.qos.logback.core.joran.GenericXMLConfigurator.doConfigure(GenericXMLConfigurator.java:66)
		at org.springframework.boot.logging.logback.LogbackLoggingSystem.configureByResourceUrl(LogbackLoggingSystem.java:298)
		at org.springframework.boot.logging.logback.LogbackLoggingSystem.lambda$loadConfiguration$2(LogbackLoggingSystem.java:260)
		at org.springframework.boot.logging.logback.LogbackLoggingSystem.withLoggingSuppressed(LogbackLoggingSystem.java:481)
		at org.springframework.boot.logging.logback.LogbackLoggingSystem.loadConfiguration(LogbackLoggingSystem.java:252)
		... 26 common frames omitted
	Caused by: java.lang.ClassNotFoundException: net.logstash.logback.appender.LoggingEventCompositeJsonEncoder
		at java.base/jdk.internal.loader.BuiltinClassLoader.loadClass(BuiltinClassLoader.java:641)
		at java.base/jdk.internal.loader.ClassLoaders$AppClassLoader.loadClass(ClassLoaders.java:188)
		at java.base/java.lang.ClassLoader.loadClass(ClassLoader.java:526)
		at ch.qos.logback.core.util.OptionHelper.instantiateByClassNameAndParameter(OptionHelper.java:56)
		... 42 common frames omitted
	Suppressed: ch.qos.logback.core.model.processor.ModelHandlerException: ch.qos.logback.core.util.DynamicClassLoadingException: Failed to instantiate type net.logstash.logback.appender.LoggingEventCompositeJsonEncoder
		at ch.qos.logback.core.model.processor.AppenderModelHandler.handle(AppenderModelHandler.java:75)
		at ch.qos.logback.core.model.processor.DefaultProcessor.secondPhaseTraverse(DefaultProcessor.java:241)
		at ch.qos.logback.core.model.processor.DefaultProcessor.secondPhaseTraverse(DefaultProcessor.java:253)
		at ch.qos.logback.core.model.processor.DefaultProcessor.traversalLoop(DefaultProcessor.java:90)
		at ch.qos.logback.core.model.processor.DefaultProcessor.process(DefaultProcessor.java:106)
		at ch.qos.logback.core.joran.GenericXMLConfigurator.processModel(GenericXMLConfigurator.java:222)
		at org.springframework.boot.logging.logback.SpringBootJoranConfigurator.processModel(SpringBootJoranConfigurator.java:136)
		at ch.qos.logback.core.joran.GenericXMLConfigurator.doConfigure(GenericXMLConfigurator.java:178)
		at ch.qos.logback.core.joran.GenericXMLConfigurator.doConfigure(GenericXMLConfigurator.java:123)
		at ch.qos.logback.core.joran.GenericXMLConfigurator.doConfigure(GenericXMLConfigurator.java:66)
		at org.springframework.boot.logging.logback.LogbackLoggingSystem.configureByResourceUrl(LogbackLoggingSystem.java:298)
		at org.springframework.boot.logging.logback.LogbackLoggingSystem.lambda$loadConfiguration$2(LogbackLoggingSystem.java:260)
		at org.springframework.boot.logging.logback.LogbackLoggingSystem.withLoggingSuppressed(LogbackLoggingSystem.java:481)
		at org.springframework.boot.logging.logback.LogbackLoggingSystem.loadConfiguration(LogbackLoggingSystem.java:252)
		... 26 common frames omitted
	Caused by: [CIRCULAR REFERENCE: ch.qos.logback.core.util.DynamicClassLoadingException: Failed to instantiate type net.logstash.logback.appender.LoggingEventCompositeJsonEncoder]
	Suppressed: ch.qos.logback.core.util.DynamicClassLoadingException: Failed to instantiate type net.logstash.logback.appender.LoggingEventCompositeJsonEncoder
		at ch.qos.logback.core.util.OptionHelper.instantiateByClassNameAndParameter(OptionHelper.java:69)
		at ch.qos.logback.core.util.OptionHelper.instantiateByClassName(OptionHelper.java:44)
		at ch.qos.logback.core.util.OptionHelper.instantiateByClassName(OptionHelper.java:33)
		at ch.qos.logback.core.model.processor.AppenderModelHandler.handle(AppenderModelHandler.java:67)
		at ch.qos.logback.core.model.processor.DefaultProcessor.secondPhaseTraverse(DefaultProcessor.java:241)
		at ch.qos.logback.core.model.processor.DefaultProcessor.secondPhaseTraverse(DefaultProcessor.java:253)
		at ch.qos.logback.core.model.processor.DefaultProcessor.traversalLoop(DefaultProcessor.java:90)
		at ch.qos.logback.core.model.processor.DefaultProcessor.process(DefaultProcessor.java:106)
		at ch.qos.logback.core.joran.GenericXMLConfigurator.processModel(GenericXMLConfigurator.java:222)
		at org.springframework.boot.logging.logback.SpringBootJoranConfigurator.processModel(SpringBootJoranConfigurator.java:136)
		at ch.qos.logback.core.joran.GenericXMLConfigurator.doConfigure(GenericXMLConfigurator.java:178)
		at ch.qos.logback.core.joran.GenericXMLConfigurator.doConfigure(GenericXMLConfigurator.java:123)
		at ch.qos.logback.core.joran.GenericXMLConfigurator.doConfigure(GenericXMLConfigurator.java:66)
		at org.springframework.boot.logging.logback.LogbackLoggingSystem.configureByResourceUrl(LogbackLoggingSystem.java:298)
		at org.springframework.boot.logging.logback.LogbackLoggingSystem.lambda$loadConfiguration$2(LogbackLoggingSystem.java:260)
		at org.springframework.boot.logging.logback.LogbackLoggingSystem.withLoggingSuppressed(LogbackLoggingSystem.java:481)
		at org.springframework.boot.logging.logback.LogbackLoggingSystem.loadConfiguration(LogbackLoggingSystem.java:252)
		... 26 common frames omitted
	Caused by: java.lang.ClassNotFoundException: net.logstash.logback.appender.LoggingEventCompositeJsonEncoder
		at java.base/jdk.internal.loader.BuiltinClassLoader.loadClass(BuiltinClassLoader.java:641)
		at java.base/jdk.internal.loader.ClassLoaders$AppClassLoader.loadClass(ClassLoaders.java:188)
		at java.base/java.lang.ClassLoader.loadClass(ClassLoader.java:526)
		at ch.qos.logback.core.util.OptionHelper.instantiateByClassNameAndParameter(OptionHelper.java:56)
		... 42 common frames omitted
	Suppressed: ch.qos.logback.core.model.processor.ModelHandlerException: ch.qos.logback.core.util.DynamicClassLoadingException: Failed to instantiate type net.logstash.logback.appender.LoggingEventCompositeJsonEncoder
		at ch.qos.logback.core.model.processor.AppenderModelHandler.handle(AppenderModelHandler.java:75)
		at ch.qos.logback.core.model.processor.DefaultProcessor.secondPhaseTraverse(DefaultProcessor.java:241)
		at ch.qos.logback.core.model.processor.DefaultProcessor.secondPhaseTraverse(DefaultProcessor.java:253)
		at ch.qos.logback.core.model.processor.DefaultProcessor.traversalLoop(DefaultProcessor.java:90)
		at ch.qos.logback.core.model.processor.DefaultProcessor.process(DefaultProcessor.java:106)
		at ch.qos.logback.core.joran.GenericXMLConfigurator.processModel(GenericXMLConfigurator.java:222)
		at org.springframework.boot.logging.logback.SpringBootJoranConfigurator.processModel(SpringBootJoranConfigurator.java:136)
		at ch.qos.logback.core.joran.GenericXMLConfigurator.doConfigure(GenericXMLConfigurator.java:178)
		at ch.qos.logback.core.joran.GenericXMLConfigurator.doConfigure(GenericXMLConfigurator.java:123)
		at ch.qos.logback.core.joran.GenericXMLConfigurator.doConfigure(GenericXMLConfigurator.java:66)
		at org.springframework.boot.logging.logback.LogbackLoggingSystem.configureByResourceUrl(LogbackLoggingSystem.java:298)
		at org.springframework.boot.logging.logback.LogbackLoggingSystem.lambda$loadConfiguration$2(LogbackLoggingSystem.java:260)
		at org.springframework.boot.logging.logback.LogbackLoggingSystem.withLoggingSuppressed(LogbackLoggingSystem.java:481)
		at org.springframework.boot.logging.logback.LogbackLoggingSystem.loadConfiguration(LogbackLoggingSystem.java:252)
		... 26 common frames omitted
	Caused by: [CIRCULAR REFERENCE: ch.qos.logback.core.util.DynamicClassLoadingException: Failed to instantiate type net.logstash.logback.appender.LoggingEventCompositeJsonEncoder]
2025-07-18 15:45:51 [restartedMain] ERROR o.s.boot.SpringApplication - Application run failed
java.lang.IllegalStateException: java.lang.IllegalStateException: Logback configuration error detected: 
ERROR in ch.qos.logback.core.model.processor.AppenderModelHandler - Could not create an Appender of type [net.logstash.logback.appender.LoggingEventCompositeJsonEncoder]. ch.qos.logback.core.util.DynamicClassLoadingException: Failed to instantiate type net.logstash.logback.appender.LoggingEventCompositeJsonEncoder
ERROR in ch.qos.logback.core.model.processor.DefaultProcessor@3b3c88ae - Failed to traverse model appender ch.qos.logback.core.model.processor.ModelHandlerException: ch.qos.logback.core.util.DynamicClassLoadingException: Failed to instantiate type net.logstash.logback.appender.LoggingEventCompositeJsonEncoder
ERROR in ch.qos.logback.core.model.processor.AppenderModelHandler - Could not create an Appender of type [net.logstash.logback.appender.LoggingEventCompositeJsonEncoder]. ch.qos.logback.core.util.DynamicClassLoadingException: Failed to instantiate type net.logstash.logback.appender.LoggingEventCompositeJsonEncoder
ERROR in ch.qos.logback.core.model.processor.DefaultProcessor@3b3c88ae - Failed to traverse model appender ch.qos.logback.core.model.processor.ModelHandlerException: ch.qos.logback.core.util.DynamicClassLoadingException: Failed to instantiate type net.logstash.logback.appender.LoggingEventCompositeJsonEncoder
	at org.springframework.boot.context.logging.LoggingApplicationListener.initializeSystem(LoggingApplicationListener.java:347)
	at org.springframework.boot.context.logging.LoggingApplicationListener.initialize(LoggingApplicationListener.java:298)
	at org.springframework.boot.context.logging.LoggingApplicationListener.onApplicationEnvironmentPreparedEvent(LoggingApplicationListener.java:246)
	at org.springframework.boot.context.logging.LoggingApplicationListener.onApplicationEvent(LoggingApplicationListener.java:223)
	at org.springframework.context.event.SimpleApplicationEventMulticaster.doInvokeListener(SimpleApplicationEventMulticaster.java:185)
	at org.springframework.context.event.SimpleApplicationEventMulticaster.invokeListener(SimpleApplicationEventMulticaster.java:178)
	at org.springframework.context.event.SimpleApplicationEventMulticaster.multicastEvent(SimpleApplicationEventMulticaster.java:156)
	at org.springframework.context.event.SimpleApplicationEventMulticaster.multicastEvent(SimpleApplicationEventMulticaster.java:138)
	at org.springframework.boot.context.event.EventPublishingRunListener.multicastInitialEvent(EventPublishingRunListener.java:136)
	at org.springframework.boot.context.event.EventPublishingRunListener.environmentPrepared(EventPublishingRunListener.java:81)
	at org.springframework.boot.SpringApplicationRunListeners.lambda$environmentPrepared$2(SpringApplicationRunListeners.java:64)
	at java.base/java.lang.Iterable.forEach(Iterable.java:75)
	at org.springframework.boot.SpringApplicationRunListeners.doWithListeners(SpringApplicationRunListeners.java:118)
	at org.springframework.boot.SpringApplicationRunListeners.doWithListeners(SpringApplicationRunListeners.java:112)
	at org.springframework.boot.SpringApplicationRunListeners.environmentPrepared(SpringApplicationRunListeners.java:63)
	at org.springframework.boot.SpringApplication.prepareEnvironment(SpringApplication.java:353)
	at org.springframework.boot.SpringApplication.run(SpringApplication.java:313)
	at org.springframework.boot.SpringApplication.run(SpringApplication.java:1361)
	at org.springframework.boot.SpringApplication.run(SpringApplication.java:1350)
	at com.ra.ss9.Ss9Application.main(Ss9Application.java:10)
	at java.base/jdk.internal.reflect.DirectMethodHandleAccessor.invoke(DirectMethodHandleAccessor.java:103)
	at java.base/java.lang.reflect.Method.invoke(Method.java:580)
	at org.springframework.boot.devtools.restart.RestartLauncher.run(RestartLauncher.java:50)
Caused by: java.lang.IllegalStateException: Logback configuration error detected: 
ERROR in ch.qos.logback.core.model.processor.AppenderModelHandler - Could not create an Appender of type [net.logstash.logback.appender.LoggingEventCompositeJsonEncoder]. ch.qos.logback.core.util.DynamicClassLoadingException: Failed to instantiate type net.logstash.logback.appender.LoggingEventCompositeJsonEncoder
ERROR in ch.qos.logback.core.model.processor.DefaultProcessor@3b3c88ae - Failed to traverse model appender ch.qos.logback.core.model.processor.ModelHandlerException: ch.qos.logback.core.util.DynamicClassLoadingException: Failed to instantiate type net.logstash.logback.appender.LoggingEventCompositeJsonEncoder
ERROR in ch.qos.logback.core.model.processor.AppenderModelHandler - Could not create an Appender of type [net.logstash.logback.appender.LoggingEventCompositeJsonEncoder]. ch.qos.logback.core.util.DynamicClassLoadingException: Failed to instantiate type net.logstash.logback.appender.LoggingEventCompositeJsonEncoder
ERROR in ch.qos.logback.core.model.processor.DefaultProcessor@3b3c88ae - Failed to traverse model appender ch.qos.logback.core.model.processor.ModelHandlerException: ch.qos.logback.core.util.DynamicClassLoadingException: Failed to instantiate type net.logstash.logback.appender.LoggingEventCompositeJsonEncoder
	at org.springframework.boot.logging.logback.LogbackLoggingSystem.reportConfigurationErrorsIfNecessary(LogbackLoggingSystem.java:289)
	at org.springframework.boot.logging.logback.LogbackLoggingSystem.loadConfiguration(LogbackLoggingSystem.java:267)
	at org.springframework.boot.logging.AbstractLoggingSystem.initializeWithConventions(AbstractLoggingSystem.java:81)
	at org.springframework.boot.logging.AbstractLoggingSystem.initialize(AbstractLoggingSystem.java:61)
	at org.springframework.boot.logging.logback.LogbackLoggingSystem.initialize(LogbackLoggingSystem.java:195)
	at org.springframework.boot.context.logging.LoggingApplicationListener.initializeSystem(LoggingApplicationListener.java:332)
	... 22 common frames omitted
	Suppressed: ch.qos.logback.core.util.DynamicClassLoadingException: Failed to instantiate type net.logstash.logback.appender.LoggingEventCompositeJsonEncoder
		at ch.qos.logback.core.util.OptionHelper.instantiateByClassNameAndParameter(OptionHelper.java:69)
		at ch.qos.logback.core.util.OptionHelper.instantiateByClassName(OptionHelper.java:44)
		at ch.qos.logback.core.util.OptionHelper.instantiateByClassName(OptionHelper.java:33)
		at ch.qos.logback.core.model.processor.AppenderModelHandler.handle(AppenderModelHandler.java:67)
		at ch.qos.logback.core.model.processor.DefaultProcessor.secondPhaseTraverse(DefaultProcessor.java:241)
		at ch.qos.logback.core.model.processor.DefaultProcessor.secondPhaseTraverse(DefaultProcessor.java:253)
		at ch.qos.logback.core.model.processor.DefaultProcessor.traversalLoop(DefaultProcessor.java:90)
		at ch.qos.logback.core.model.processor.DefaultProcessor.process(DefaultProcessor.java:106)
		at ch.qos.logback.core.joran.GenericXMLConfigurator.processModel(GenericXMLConfigurator.java:222)
		at org.springframework.boot.logging.logback.SpringBootJoranConfigurator.processModel(SpringBootJoranConfigurator.java:136)
		at ch.qos.logback.core.joran.GenericXMLConfigurator.doConfigure(GenericXMLConfigurator.java:178)
		at ch.qos.logback.core.joran.GenericXMLConfigurator.doConfigure(GenericXMLConfigurator.java:123)
		at ch.qos.logback.core.joran.GenericXMLConfigurator.doConfigure(GenericXMLConfigurator.java:66)
		at org.springframework.boot.logging.logback.LogbackLoggingSystem.configureByResourceUrl(LogbackLoggingSystem.java:298)
		at org.springframework.boot.logging.logback.LogbackLoggingSystem.lambda$loadConfiguration$2(LogbackLoggingSystem.java:260)
		at org.springframework.boot.logging.logback.LogbackLoggingSystem.withLoggingSuppressed(LogbackLoggingSystem.java:481)
		at org.springframework.boot.logging.logback.LogbackLoggingSystem.loadConfiguration(LogbackLoggingSystem.java:252)
		... 26 common frames omitted
	Caused by: java.lang.ClassNotFoundException: net.logstash.logback.appender.LoggingEventCompositeJsonEncoder
		at java.base/jdk.internal.loader.BuiltinClassLoader.loadClass(BuiltinClassLoader.java:641)
		at java.base/jdk.internal.loader.ClassLoaders$AppClassLoader.loadClass(ClassLoaders.java:188)
		at java.base/java.lang.ClassLoader.loadClass(ClassLoader.java:526)
		at ch.qos.logback.core.util.OptionHelper.instantiateByClassNameAndParameter(OptionHelper.java:56)
		... 42 common frames omitted
	Suppressed: ch.qos.logback.core.model.processor.ModelHandlerException: ch.qos.logback.core.util.DynamicClassLoadingException: Failed to instantiate type net.logstash.logback.appender.LoggingEventCompositeJsonEncoder
		at ch.qos.logback.core.model.processor.AppenderModelHandler.handle(AppenderModelHandler.java:75)
		at ch.qos.logback.core.model.processor.DefaultProcessor.secondPhaseTraverse(DefaultProcessor.java:241)
		at ch.qos.logback.core.model.processor.DefaultProcessor.secondPhaseTraverse(DefaultProcessor.java:253)
		at ch.qos.logback.core.model.processor.DefaultProcessor.traversalLoop(DefaultProcessor.java:90)
		at ch.qos.logback.core.model.processor.DefaultProcessor.process(DefaultProcessor.java:106)
		at ch.qos.logback.core.joran.GenericXMLConfigurator.processModel(GenericXMLConfigurator.java:222)
		at org.springframework.boot.logging.logback.SpringBootJoranConfigurator.processModel(SpringBootJoranConfigurator.java:136)
		at ch.qos.logback.core.joran.GenericXMLConfigurator.doConfigure(GenericXMLConfigurator.java:178)
		at ch.qos.logback.core.joran.GenericXMLConfigurator.doConfigure(GenericXMLConfigurator.java:123)
		at ch.qos.logback.core.joran.GenericXMLConfigurator.doConfigure(GenericXMLConfigurator.java:66)
		at org.springframework.boot.logging.logback.LogbackLoggingSystem.configureByResourceUrl(LogbackLoggingSystem.java:298)
		at org.springframework.boot.logging.logback.LogbackLoggingSystem.lambda$loadConfiguration$2(LogbackLoggingSystem.java:260)
		at org.springframework.boot.logging.logback.LogbackLoggingSystem.withLoggingSuppressed(LogbackLoggingSystem.java:481)
		at org.springframework.boot.logging.logback.LogbackLoggingSystem.loadConfiguration(LogbackLoggingSystem.java:252)
		... 26 common frames omitted
	Caused by: [CIRCULAR REFERENCE: ch.qos.logback.core.util.DynamicClassLoadingException: Failed to instantiate type net.logstash.logback.appender.LoggingEventCompositeJsonEncoder]
	Suppressed: ch.qos.logback.core.util.DynamicClassLoadingException: Failed to instantiate type net.logstash.logback.appender.LoggingEventCompositeJsonEncoder
		at ch.qos.logback.core.util.OptionHelper.instantiateByClassNameAndParameter(OptionHelper.java:69)
		at ch.qos.logback.core.util.OptionHelper.instantiateByClassName(OptionHelper.java:44)
		at ch.qos.logback.core.util.OptionHelper.instantiateByClassName(OptionHelper.java:33)
		at ch.qos.logback.core.model.processor.AppenderModelHandler.handle(AppenderModelHandler.java:67)
		at ch.qos.logback.core.model.processor.DefaultProcessor.secondPhaseTraverse(DefaultProcessor.java:241)
		at ch.qos.logback.core.model.processor.DefaultProcessor.secondPhaseTraverse(DefaultProcessor.java:253)
		at ch.qos.logback.core.model.processor.DefaultProcessor.traversalLoop(DefaultProcessor.java:90)
		at ch.qos.logback.core.model.processor.DefaultProcessor.process(DefaultProcessor.java:106)
		at ch.qos.logback.core.joran.GenericXMLConfigurator.processModel(GenericXMLConfigurator.java:222)
		at org.springframework.boot.logging.logback.SpringBootJoranConfigurator.processModel(SpringBootJoranConfigurator.java:136)
		at ch.qos.logback.core.joran.GenericXMLConfigurator.doConfigure(GenericXMLConfigurator.java:178)
		at ch.qos.logback.core.joran.GenericXMLConfigurator.doConfigure(GenericXMLConfigurator.java:123)
		at ch.qos.logback.core.joran.GenericXMLConfigurator.doConfigure(GenericXMLConfigurator.java:66)
		at org.springframework.boot.logging.logback.LogbackLoggingSystem.configureByResourceUrl(LogbackLoggingSystem.java:298)
		at org.springframework.boot.logging.logback.LogbackLoggingSystem.lambda$loadConfiguration$2(LogbackLoggingSystem.java:260)
		at org.springframework.boot.logging.logback.LogbackLoggingSystem.withLoggingSuppressed(LogbackLoggingSystem.java:481)
		at org.springframework.boot.logging.logback.LogbackLoggingSystem.loadConfiguration(LogbackLoggingSystem.java:252)
		... 26 common frames omitted
	Caused by: java.lang.ClassNotFoundException: net.logstash.logback.appender.LoggingEventCompositeJsonEncoder
		at java.base/jdk.internal.loader.BuiltinClassLoader.loadClass(BuiltinClassLoader.java:641)
		at java.base/jdk.internal.loader.ClassLoaders$AppClassLoader.loadClass(ClassLoaders.java:188)
		at java.base/java.lang.ClassLoader.loadClass(ClassLoader.java:526)
		at ch.qos.logback.core.util.OptionHelper.instantiateByClassNameAndParameter(OptionHelper.java:56)
		... 42 common frames omitted
	Suppressed: ch.qos.logback.core.model.processor.ModelHandlerException: ch.qos.logback.core.util.DynamicClassLoadingException: Failed to instantiate type net.logstash.logback.appender.LoggingEventCompositeJsonEncoder
		at ch.qos.logback.core.model.processor.AppenderModelHandler.handle(AppenderModelHandler.java:75)
		at ch.qos.logback.core.model.processor.DefaultProcessor.secondPhaseTraverse(DefaultProcessor.java:241)
		at ch.qos.logback.core.model.processor.DefaultProcessor.secondPhaseTraverse(DefaultProcessor.java:253)
		at ch.qos.logback.core.model.processor.DefaultProcessor.traversalLoop(DefaultProcessor.java:90)
		at ch.qos.logback.core.model.processor.DefaultProcessor.process(DefaultProcessor.java:106)
		at ch.qos.logback.core.joran.GenericXMLConfigurator.processModel(GenericXMLConfigurator.java:222)
		at org.springframework.boot.logging.logback.SpringBootJoranConfigurator.processModel(SpringBootJoranConfigurator.java:136)
		at ch.qos.logback.core.joran.GenericXMLConfigurator.doConfigure(GenericXMLConfigurator.java:178)
		at ch.qos.logback.core.joran.GenericXMLConfigurator.doConfigure(GenericXMLConfigurator.java:123)
		at ch.qos.logback.core.joran.GenericXMLConfigurator.doConfigure(GenericXMLConfigurator.java:66)
		at org.springframework.boot.logging.logback.LogbackLoggingSystem.configureByResourceUrl(LogbackLoggingSystem.java:298)
		at org.springframework.boot.logging.logback.LogbackLoggingSystem.lambda$loadConfiguration$2(LogbackLoggingSystem.java:260)
		at org.springframework.boot.logging.logback.LogbackLoggingSystem.withLoggingSuppressed(LogbackLoggingSystem.java:481)
		at org.springframework.boot.logging.logback.LogbackLoggingSystem.loadConfiguration(LogbackLoggingSystem.java:252)
		... 26 common frames omitted
	Caused by: [CIRCULAR REFERENCE: ch.qos.logback.core.util.DynamicClassLoadingException: Failed to instantiate type net.logstash.logback.appender.LoggingEventCompositeJsonEncoder]
2025-07-18 15:45:58 [restartedMain] ERROR o.s.boot.SpringApplication - Application run failed
java.lang.IllegalStateException: java.lang.IllegalStateException: Logback configuration error detected: 
ERROR in ch.qos.logback.core.model.processor.AppenderModelHandler - Could not create an Appender of type [net.logstash.logback.appender.LoggingEventCompositeJsonEncoder]. ch.qos.logback.core.util.DynamicClassLoadingException: Failed to instantiate type net.logstash.logback.appender.LoggingEventCompositeJsonEncoder
ERROR in ch.qos.logback.core.model.processor.DefaultProcessor@36140f6b - Failed to traverse model appender ch.qos.logback.core.model.processor.ModelHandlerException: ch.qos.logback.core.util.DynamicClassLoadingException: Failed to instantiate type net.logstash.logback.appender.LoggingEventCompositeJsonEncoder
ERROR in ch.qos.logback.core.model.processor.AppenderModelHandler - Could not create an Appender of type [net.logstash.logback.appender.LoggingEventCompositeJsonEncoder]. ch.qos.logback.core.util.DynamicClassLoadingException: Failed to instantiate type net.logstash.logback.appender.LoggingEventCompositeJsonEncoder
ERROR in ch.qos.logback.core.model.processor.DefaultProcessor@36140f6b - Failed to traverse model appender ch.qos.logback.core.model.processor.ModelHandlerException: ch.qos.logback.core.util.DynamicClassLoadingException: Failed to instantiate type net.logstash.logback.appender.LoggingEventCompositeJsonEncoder
	at org.springframework.boot.context.logging.LoggingApplicationListener.initializeSystem(LoggingApplicationListener.java:347)
	at org.springframework.boot.context.logging.LoggingApplicationListener.initialize(LoggingApplicationListener.java:298)
	at org.springframework.boot.context.logging.LoggingApplicationListener.onApplicationEnvironmentPreparedEvent(LoggingApplicationListener.java:246)
	at org.springframework.boot.context.logging.LoggingApplicationListener.onApplicationEvent(LoggingApplicationListener.java:223)
	at org.springframework.context.event.SimpleApplicationEventMulticaster.doInvokeListener(SimpleApplicationEventMulticaster.java:185)
	at org.springframework.context.event.SimpleApplicationEventMulticaster.invokeListener(SimpleApplicationEventMulticaster.java:178)
	at org.springframework.context.event.SimpleApplicationEventMulticaster.multicastEvent(SimpleApplicationEventMulticaster.java:156)
	at org.springframework.context.event.SimpleApplicationEventMulticaster.multicastEvent(SimpleApplicationEventMulticaster.java:138)
	at org.springframework.boot.context.event.EventPublishingRunListener.multicastInitialEvent(EventPublishingRunListener.java:136)
	at org.springframework.boot.context.event.EventPublishingRunListener.environmentPrepared(EventPublishingRunListener.java:81)
	at org.springframework.boot.SpringApplicationRunListeners.lambda$environmentPrepared$2(SpringApplicationRunListeners.java:64)
	at java.base/java.lang.Iterable.forEach(Iterable.java:75)
	at org.springframework.boot.SpringApplicationRunListeners.doWithListeners(SpringApplicationRunListeners.java:118)
	at org.springframework.boot.SpringApplicationRunListeners.doWithListeners(SpringApplicationRunListeners.java:112)
	at org.springframework.boot.SpringApplicationRunListeners.environmentPrepared(SpringApplicationRunListeners.java:63)
	at org.springframework.boot.SpringApplication.prepareEnvironment(SpringApplication.java:353)
	at org.springframework.boot.SpringApplication.run(SpringApplication.java:313)
	at org.springframework.boot.SpringApplication.run(SpringApplication.java:1361)
	at org.springframework.boot.SpringApplication.run(SpringApplication.java:1350)
	at com.ra.ss9.Ss9Application.main(Ss9Application.java:10)
	at java.base/jdk.internal.reflect.DirectMethodHandleAccessor.invoke(DirectMethodHandleAccessor.java:103)
	at java.base/java.lang.reflect.Method.invoke(Method.java:580)
	at org.springframework.boot.devtools.restart.RestartLauncher.run(RestartLauncher.java:50)
Caused by: java.lang.IllegalStateException: Logback configuration error detected: 
ERROR in ch.qos.logback.core.model.processor.AppenderModelHandler - Could not create an Appender of type [net.logstash.logback.appender.LoggingEventCompositeJsonEncoder]. ch.qos.logback.core.util.DynamicClassLoadingException: Failed to instantiate type net.logstash.logback.appender.LoggingEventCompositeJsonEncoder
ERROR in ch.qos.logback.core.model.processor.DefaultProcessor@36140f6b - Failed to traverse model appender ch.qos.logback.core.model.processor.ModelHandlerException: ch.qos.logback.core.util.DynamicClassLoadingException: Failed to instantiate type net.logstash.logback.appender.LoggingEventCompositeJsonEncoder
ERROR in ch.qos.logback.core.model.processor.AppenderModelHandler - Could not create an Appender of type [net.logstash.logback.appender.LoggingEventCompositeJsonEncoder]. ch.qos.logback.core.util.DynamicClassLoadingException: Failed to instantiate type net.logstash.logback.appender.LoggingEventCompositeJsonEncoder
ERROR in ch.qos.logback.core.model.processor.DefaultProcessor@36140f6b - Failed to traverse model appender ch.qos.logback.core.model.processor.ModelHandlerException: ch.qos.logback.core.util.DynamicClassLoadingException: Failed to instantiate type net.logstash.logback.appender.LoggingEventCompositeJsonEncoder
	at org.springframework.boot.logging.logback.LogbackLoggingSystem.reportConfigurationErrorsIfNecessary(LogbackLoggingSystem.java:289)
	at org.springframework.boot.logging.logback.LogbackLoggingSystem.loadConfiguration(LogbackLoggingSystem.java:267)
	at org.springframework.boot.logging.AbstractLoggingSystem.initializeWithConventions(AbstractLoggingSystem.java:81)
	at org.springframework.boot.logging.AbstractLoggingSystem.initialize(AbstractLoggingSystem.java:61)
	at org.springframework.boot.logging.logback.LogbackLoggingSystem.initialize(LogbackLoggingSystem.java:195)
	at org.springframework.boot.context.logging.LoggingApplicationListener.initializeSystem(LoggingApplicationListener.java:332)
	... 22 common frames omitted
	Suppressed: ch.qos.logback.core.util.DynamicClassLoadingException: Failed to instantiate type net.logstash.logback.appender.LoggingEventCompositeJsonEncoder
		at ch.qos.logback.core.util.OptionHelper.instantiateByClassNameAndParameter(OptionHelper.java:69)
		at ch.qos.logback.core.util.OptionHelper.instantiateByClassName(OptionHelper.java:44)
		at ch.qos.logback.core.util.OptionHelper.instantiateByClassName(OptionHelper.java:33)
		at ch.qos.logback.core.model.processor.AppenderModelHandler.handle(AppenderModelHandler.java:67)
		at ch.qos.logback.core.model.processor.DefaultProcessor.secondPhaseTraverse(DefaultProcessor.java:241)
		at ch.qos.logback.core.model.processor.DefaultProcessor.secondPhaseTraverse(DefaultProcessor.java:253)
		at ch.qos.logback.core.model.processor.DefaultProcessor.traversalLoop(DefaultProcessor.java:90)
		at ch.qos.logback.core.model.processor.DefaultProcessor.process(DefaultProcessor.java:106)
		at ch.qos.logback.core.joran.GenericXMLConfigurator.processModel(GenericXMLConfigurator.java:222)
		at org.springframework.boot.logging.logback.SpringBootJoranConfigurator.processModel(SpringBootJoranConfigurator.java:136)
		at ch.qos.logback.core.joran.GenericXMLConfigurator.doConfigure(GenericXMLConfigurator.java:178)
		at ch.qos.logback.core.joran.GenericXMLConfigurator.doConfigure(GenericXMLConfigurator.java:123)
		at ch.qos.logback.core.joran.GenericXMLConfigurator.doConfigure(GenericXMLConfigurator.java:66)
		at org.springframework.boot.logging.logback.LogbackLoggingSystem.configureByResourceUrl(LogbackLoggingSystem.java:298)
		at org.springframework.boot.logging.logback.LogbackLoggingSystem.lambda$loadConfiguration$2(LogbackLoggingSystem.java:260)
		at org.springframework.boot.logging.logback.LogbackLoggingSystem.withLoggingSuppressed(LogbackLoggingSystem.java:481)
		at org.springframework.boot.logging.logback.LogbackLoggingSystem.loadConfiguration(LogbackLoggingSystem.java:252)
		... 26 common frames omitted
	Caused by: java.lang.ClassNotFoundException: net.logstash.logback.appender.LoggingEventCompositeJsonEncoder
		at java.base/jdk.internal.loader.BuiltinClassLoader.loadClass(BuiltinClassLoader.java:641)
		at java.base/jdk.internal.loader.ClassLoaders$AppClassLoader.loadClass(ClassLoaders.java:188)
		at java.base/java.lang.ClassLoader.loadClass(ClassLoader.java:526)
		at ch.qos.logback.core.util.OptionHelper.instantiateByClassNameAndParameter(OptionHelper.java:56)
		... 42 common frames omitted
	Suppressed: ch.qos.logback.core.model.processor.ModelHandlerException: ch.qos.logback.core.util.DynamicClassLoadingException: Failed to instantiate type net.logstash.logback.appender.LoggingEventCompositeJsonEncoder
		at ch.qos.logback.core.model.processor.AppenderModelHandler.handle(AppenderModelHandler.java:75)
		at ch.qos.logback.core.model.processor.DefaultProcessor.secondPhaseTraverse(DefaultProcessor.java:241)
		at ch.qos.logback.core.model.processor.DefaultProcessor.secondPhaseTraverse(DefaultProcessor.java:253)
		at ch.qos.logback.core.model.processor.DefaultProcessor.traversalLoop(DefaultProcessor.java:90)
		at ch.qos.logback.core.model.processor.DefaultProcessor.process(DefaultProcessor.java:106)
		at ch.qos.logback.core.joran.GenericXMLConfigurator.processModel(GenericXMLConfigurator.java:222)
		at org.springframework.boot.logging.logback.SpringBootJoranConfigurator.processModel(SpringBootJoranConfigurator.java:136)
		at ch.qos.logback.core.joran.GenericXMLConfigurator.doConfigure(GenericXMLConfigurator.java:178)
		at ch.qos.logback.core.joran.GenericXMLConfigurator.doConfigure(GenericXMLConfigurator.java:123)
		at ch.qos.logback.core.joran.GenericXMLConfigurator.doConfigure(GenericXMLConfigurator.java:66)
		at org.springframework.boot.logging.logback.LogbackLoggingSystem.configureByResourceUrl(LogbackLoggingSystem.java:298)
		at org.springframework.boot.logging.logback.LogbackLoggingSystem.lambda$loadConfiguration$2(LogbackLoggingSystem.java:260)
		at org.springframework.boot.logging.logback.LogbackLoggingSystem.withLoggingSuppressed(LogbackLoggingSystem.java:481)
		at org.springframework.boot.logging.logback.LogbackLoggingSystem.loadConfiguration(LogbackLoggingSystem.java:252)
		... 26 common frames omitted
	Caused by: [CIRCULAR REFERENCE: ch.qos.logback.core.util.DynamicClassLoadingException: Failed to instantiate type net.logstash.logback.appender.LoggingEventCompositeJsonEncoder]
	Suppressed: ch.qos.logback.core.util.DynamicClassLoadingException: Failed to instantiate type net.logstash.logback.appender.LoggingEventCompositeJsonEncoder
		at ch.qos.logback.core.util.OptionHelper.instantiateByClassNameAndParameter(OptionHelper.java:69)
		at ch.qos.logback.core.util.OptionHelper.instantiateByClassName(OptionHelper.java:44)
		at ch.qos.logback.core.util.OptionHelper.instantiateByClassName(OptionHelper.java:33)
		at ch.qos.logback.core.model.processor.AppenderModelHandler.handle(AppenderModelHandler.java:67)
		at ch.qos.logback.core.model.processor.DefaultProcessor.secondPhaseTraverse(DefaultProcessor.java:241)
		at ch.qos.logback.core.model.processor.DefaultProcessor.secondPhaseTraverse(DefaultProcessor.java:253)
		at ch.qos.logback.core.model.processor.DefaultProcessor.traversalLoop(DefaultProcessor.java:90)
		at ch.qos.logback.core.model.processor.DefaultProcessor.process(DefaultProcessor.java:106)
		at ch.qos.logback.core.joran.GenericXMLConfigurator.processModel(GenericXMLConfigurator.java:222)
		at org.springframework.boot.logging.logback.SpringBootJoranConfigurator.processModel(SpringBootJoranConfigurator.java:136)
		at ch.qos.logback.core.joran.GenericXMLConfigurator.doConfigure(GenericXMLConfigurator.java:178)
		at ch.qos.logback.core.joran.GenericXMLConfigurator.doConfigure(GenericXMLConfigurator.java:123)
		at ch.qos.logback.core.joran.GenericXMLConfigurator.doConfigure(GenericXMLConfigurator.java:66)
		at org.springframework.boot.logging.logback.LogbackLoggingSystem.configureByResourceUrl(LogbackLoggingSystem.java:298)
		at org.springframework.boot.logging.logback.LogbackLoggingSystem.lambda$loadConfiguration$2(LogbackLoggingSystem.java:260)
		at org.springframework.boot.logging.logback.LogbackLoggingSystem.withLoggingSuppressed(LogbackLoggingSystem.java:481)
		at org.springframework.boot.logging.logback.LogbackLoggingSystem.loadConfiguration(LogbackLoggingSystem.java:252)
		... 26 common frames omitted
	Caused by: java.lang.ClassNotFoundException: net.logstash.logback.appender.LoggingEventCompositeJsonEncoder
		at java.base/jdk.internal.loader.BuiltinClassLoader.loadClass(BuiltinClassLoader.java:641)
		at java.base/jdk.internal.loader.ClassLoaders$AppClassLoader.loadClass(ClassLoaders.java:188)
		at java.base/java.lang.ClassLoader.loadClass(ClassLoader.java:526)
		at ch.qos.logback.core.util.OptionHelper.instantiateByClassNameAndParameter(OptionHelper.java:56)
		... 42 common frames omitted
	Suppressed: ch.qos.logback.core.model.processor.ModelHandlerException: ch.qos.logback.core.util.DynamicClassLoadingException: Failed to instantiate type net.logstash.logback.appender.LoggingEventCompositeJsonEncoder
		at ch.qos.logback.core.model.processor.AppenderModelHandler.handle(AppenderModelHandler.java:75)
		at ch.qos.logback.core.model.processor.DefaultProcessor.secondPhaseTraverse(DefaultProcessor.java:241)
		at ch.qos.logback.core.model.processor.DefaultProcessor.secondPhaseTraverse(DefaultProcessor.java:253)
		at ch.qos.logback.core.model.processor.DefaultProcessor.traversalLoop(DefaultProcessor.java:90)
		at ch.qos.logback.core.model.processor.DefaultProcessor.process(DefaultProcessor.java:106)
		at ch.qos.logback.core.joran.GenericXMLConfigurator.processModel(GenericXMLConfigurator.java:222)
		at org.springframework.boot.logging.logback.SpringBootJoranConfigurator.processModel(SpringBootJoranConfigurator.java:136)
		at ch.qos.logback.core.joran.GenericXMLConfigurator.doConfigure(GenericXMLConfigurator.java:178)
		at ch.qos.logback.core.joran.GenericXMLConfigurator.doConfigure(GenericXMLConfigurator.java:123)
		at ch.qos.logback.core.joran.GenericXMLConfigurator.doConfigure(GenericXMLConfigurator.java:66)
		at org.springframework.boot.logging.logback.LogbackLoggingSystem.configureByResourceUrl(LogbackLoggingSystem.java:298)
		at org.springframework.boot.logging.logback.LogbackLoggingSystem.lambda$loadConfiguration$2(LogbackLoggingSystem.java:260)
		at org.springframework.boot.logging.logback.LogbackLoggingSystem.withLoggingSuppressed(LogbackLoggingSystem.java:481)
		at org.springframework.boot.logging.logback.LogbackLoggingSystem.loadConfiguration(LogbackLoggingSystem.java:252)
		... 26 common frames omitted
	Caused by: [CIRCULAR REFERENCE: ch.qos.logback.core.util.DynamicClassLoadingException: Failed to instantiate type net.logstash.logback.appender.LoggingEventCompositeJsonEncoder]
2025-07-18 15:46:33 [restartedMain] ERROR o.s.boot.SpringApplication - Application run failed
java.lang.IllegalStateException: java.lang.IllegalStateException: Logback configuration error detected: 
ERROR in ch.qos.logback.core.model.processor.AppenderModelHandler - Could not create an Appender of type [net.logstash.logback.appender.LoggingEventCompositeJsonEncoder]. ch.qos.logback.core.util.DynamicClassLoadingException: Failed to instantiate type net.logstash.logback.appender.LoggingEventCompositeJsonEncoder
ERROR in ch.qos.logback.core.model.processor.DefaultProcessor@5641f532 - Failed to traverse model appender ch.qos.logback.core.model.processor.ModelHandlerException: ch.qos.logback.core.util.DynamicClassLoadingException: Failed to instantiate type net.logstash.logback.appender.LoggingEventCompositeJsonEncoder
ERROR in ch.qos.logback.core.model.processor.AppenderModelHandler - Could not create an Appender of type [net.logstash.logback.appender.LoggingEventCompositeJsonEncoder]. ch.qos.logback.core.util.DynamicClassLoadingException: Failed to instantiate type net.logstash.logback.appender.LoggingEventCompositeJsonEncoder
ERROR in ch.qos.logback.core.model.processor.DefaultProcessor@5641f532 - Failed to traverse model appender ch.qos.logback.core.model.processor.ModelHandlerException: ch.qos.logback.core.util.DynamicClassLoadingException: Failed to instantiate type net.logstash.logback.appender.LoggingEventCompositeJsonEncoder
	at org.springframework.boot.context.logging.LoggingApplicationListener.initializeSystem(LoggingApplicationListener.java:347)
	at org.springframework.boot.context.logging.LoggingApplicationListener.initialize(LoggingApplicationListener.java:298)
	at org.springframework.boot.context.logging.LoggingApplicationListener.onApplicationEnvironmentPreparedEvent(LoggingApplicationListener.java:246)
	at org.springframework.boot.context.logging.LoggingApplicationListener.onApplicationEvent(LoggingApplicationListener.java:223)
	at org.springframework.context.event.SimpleApplicationEventMulticaster.doInvokeListener(SimpleApplicationEventMulticaster.java:185)
	at org.springframework.context.event.SimpleApplicationEventMulticaster.invokeListener(SimpleApplicationEventMulticaster.java:178)
	at org.springframework.context.event.SimpleApplicationEventMulticaster.multicastEvent(SimpleApplicationEventMulticaster.java:156)
	at org.springframework.context.event.SimpleApplicationEventMulticaster.multicastEvent(SimpleApplicationEventMulticaster.java:138)
	at org.springframework.boot.context.event.EventPublishingRunListener.multicastInitialEvent(EventPublishingRunListener.java:136)
	at org.springframework.boot.context.event.EventPublishingRunListener.environmentPrepared(EventPublishingRunListener.java:81)
	at org.springframework.boot.SpringApplicationRunListeners.lambda$environmentPrepared$2(SpringApplicationRunListeners.java:64)
	at java.base/java.lang.Iterable.forEach(Iterable.java:75)
	at org.springframework.boot.SpringApplicationRunListeners.doWithListeners(SpringApplicationRunListeners.java:118)
	at org.springframework.boot.SpringApplicationRunListeners.doWithListeners(SpringApplicationRunListeners.java:112)
	at org.springframework.boot.SpringApplicationRunListeners.environmentPrepared(SpringApplicationRunListeners.java:63)
	at org.springframework.boot.SpringApplication.prepareEnvironment(SpringApplication.java:353)
	at org.springframework.boot.SpringApplication.run(SpringApplication.java:313)
	at org.springframework.boot.SpringApplication.run(SpringApplication.java:1361)
	at org.springframework.boot.SpringApplication.run(SpringApplication.java:1350)
	at com.ra.ss9.Ss9Application.main(Ss9Application.java:10)
	at java.base/jdk.internal.reflect.DirectMethodHandleAccessor.invoke(DirectMethodHandleAccessor.java:103)
	at java.base/java.lang.reflect.Method.invoke(Method.java:580)
	at org.springframework.boot.devtools.restart.RestartLauncher.run(RestartLauncher.java:50)
Caused by: java.lang.IllegalStateException: Logback configuration error detected: 
ERROR in ch.qos.logback.core.model.processor.AppenderModelHandler - Could not create an Appender of type [net.logstash.logback.appender.LoggingEventCompositeJsonEncoder]. ch.qos.logback.core.util.DynamicClassLoadingException: Failed to instantiate type net.logstash.logback.appender.LoggingEventCompositeJsonEncoder
ERROR in ch.qos.logback.core.model.processor.DefaultProcessor@5641f532 - Failed to traverse model appender ch.qos.logback.core.model.processor.ModelHandlerException: ch.qos.logback.core.util.DynamicClassLoadingException: Failed to instantiate type net.logstash.logback.appender.LoggingEventCompositeJsonEncoder
ERROR in ch.qos.logback.core.model.processor.AppenderModelHandler - Could not create an Appender of type [net.logstash.logback.appender.LoggingEventCompositeJsonEncoder]. ch.qos.logback.core.util.DynamicClassLoadingException: Failed to instantiate type net.logstash.logback.appender.LoggingEventCompositeJsonEncoder
ERROR in ch.qos.logback.core.model.processor.DefaultProcessor@5641f532 - Failed to traverse model appender ch.qos.logback.core.model.processor.ModelHandlerException: ch.qos.logback.core.util.DynamicClassLoadingException: Failed to instantiate type net.logstash.logback.appender.LoggingEventCompositeJsonEncoder
	at org.springframework.boot.logging.logback.LogbackLoggingSystem.reportConfigurationErrorsIfNecessary(LogbackLoggingSystem.java:289)
	at org.springframework.boot.logging.logback.LogbackLoggingSystem.loadConfiguration(LogbackLoggingSystem.java:267)
	at org.springframework.boot.logging.AbstractLoggingSystem.initializeWithConventions(AbstractLoggingSystem.java:81)
	at org.springframework.boot.logging.AbstractLoggingSystem.initialize(AbstractLoggingSystem.java:61)
	at org.springframework.boot.logging.logback.LogbackLoggingSystem.initialize(LogbackLoggingSystem.java:195)
	at org.springframework.boot.context.logging.LoggingApplicationListener.initializeSystem(LoggingApplicationListener.java:332)
	... 22 common frames omitted
	Suppressed: ch.qos.logback.core.util.DynamicClassLoadingException: Failed to instantiate type net.logstash.logback.appender.LoggingEventCompositeJsonEncoder
		at ch.qos.logback.core.util.OptionHelper.instantiateByClassNameAndParameter(OptionHelper.java:69)
		at ch.qos.logback.core.util.OptionHelper.instantiateByClassName(OptionHelper.java:44)
		at ch.qos.logback.core.util.OptionHelper.instantiateByClassName(OptionHelper.java:33)
		at ch.qos.logback.core.model.processor.AppenderModelHandler.handle(AppenderModelHandler.java:67)
		at ch.qos.logback.core.model.processor.DefaultProcessor.secondPhaseTraverse(DefaultProcessor.java:241)
		at ch.qos.logback.core.model.processor.DefaultProcessor.secondPhaseTraverse(DefaultProcessor.java:253)
		at ch.qos.logback.core.model.processor.DefaultProcessor.traversalLoop(DefaultProcessor.java:90)
		at ch.qos.logback.core.model.processor.DefaultProcessor.process(DefaultProcessor.java:106)
		at ch.qos.logback.core.joran.GenericXMLConfigurator.processModel(GenericXMLConfigurator.java:222)
		at org.springframework.boot.logging.logback.SpringBootJoranConfigurator.processModel(SpringBootJoranConfigurator.java:136)
		at ch.qos.logback.core.joran.GenericXMLConfigurator.doConfigure(GenericXMLConfigurator.java:178)
		at ch.qos.logback.core.joran.GenericXMLConfigurator.doConfigure(GenericXMLConfigurator.java:123)
		at ch.qos.logback.core.joran.GenericXMLConfigurator.doConfigure(GenericXMLConfigurator.java:66)
		at org.springframework.boot.logging.logback.LogbackLoggingSystem.configureByResourceUrl(LogbackLoggingSystem.java:298)
		at org.springframework.boot.logging.logback.LogbackLoggingSystem.lambda$loadConfiguration$2(LogbackLoggingSystem.java:260)
		at org.springframework.boot.logging.logback.LogbackLoggingSystem.withLoggingSuppressed(LogbackLoggingSystem.java:481)
		at org.springframework.boot.logging.logback.LogbackLoggingSystem.loadConfiguration(LogbackLoggingSystem.java:252)
		... 26 common frames omitted
	Caused by: java.lang.ClassNotFoundException: net.logstash.logback.appender.LoggingEventCompositeJsonEncoder
		at java.base/jdk.internal.loader.BuiltinClassLoader.loadClass(BuiltinClassLoader.java:641)
		at java.base/jdk.internal.loader.ClassLoaders$AppClassLoader.loadClass(ClassLoaders.java:188)
		at java.base/java.lang.ClassLoader.loadClass(ClassLoader.java:526)
		at ch.qos.logback.core.util.OptionHelper.instantiateByClassNameAndParameter(OptionHelper.java:56)
		... 42 common frames omitted
	Suppressed: ch.qos.logback.core.model.processor.ModelHandlerException: ch.qos.logback.core.util.DynamicClassLoadingException: Failed to instantiate type net.logstash.logback.appender.LoggingEventCompositeJsonEncoder
		at ch.qos.logback.core.model.processor.AppenderModelHandler.handle(AppenderModelHandler.java:75)
		at ch.qos.logback.core.model.processor.DefaultProcessor.secondPhaseTraverse(DefaultProcessor.java:241)
		at ch.qos.logback.core.model.processor.DefaultProcessor.secondPhaseTraverse(DefaultProcessor.java:253)
		at ch.qos.logback.core.model.processor.DefaultProcessor.traversalLoop(DefaultProcessor.java:90)
		at ch.qos.logback.core.model.processor.DefaultProcessor.process(DefaultProcessor.java:106)
		at ch.qos.logback.core.joran.GenericXMLConfigurator.processModel(GenericXMLConfigurator.java:222)
		at org.springframework.boot.logging.logback.SpringBootJoranConfigurator.processModel(SpringBootJoranConfigurator.java:136)
		at ch.qos.logback.core.joran.GenericXMLConfigurator.doConfigure(GenericXMLConfigurator.java:178)
		at ch.qos.logback.core.joran.GenericXMLConfigurator.doConfigure(GenericXMLConfigurator.java:123)
		at ch.qos.logback.core.joran.GenericXMLConfigurator.doConfigure(GenericXMLConfigurator.java:66)
		at org.springframework.boot.logging.logback.LogbackLoggingSystem.configureByResourceUrl(LogbackLoggingSystem.java:298)
		at org.springframework.boot.logging.logback.LogbackLoggingSystem.lambda$loadConfiguration$2(LogbackLoggingSystem.java:260)
		at org.springframework.boot.logging.logback.LogbackLoggingSystem.withLoggingSuppressed(LogbackLoggingSystem.java:481)
		at org.springframework.boot.logging.logback.LogbackLoggingSystem.loadConfiguration(LogbackLoggingSystem.java:252)
		... 26 common frames omitted
	Caused by: [CIRCULAR REFERENCE: ch.qos.logback.core.util.DynamicClassLoadingException: Failed to instantiate type net.logstash.logback.appender.LoggingEventCompositeJsonEncoder]
	Suppressed: ch.qos.logback.core.util.DynamicClassLoadingException: Failed to instantiate type net.logstash.logback.appender.LoggingEventCompositeJsonEncoder
		at ch.qos.logback.core.util.OptionHelper.instantiateByClassNameAndParameter(OptionHelper.java:69)
		at ch.qos.logback.core.util.OptionHelper.instantiateByClassName(OptionHelper.java:44)
		at ch.qos.logback.core.util.OptionHelper.instantiateByClassName(OptionHelper.java:33)
		at ch.qos.logback.core.model.processor.AppenderModelHandler.handle(AppenderModelHandler.java:67)
		at ch.qos.logback.core.model.processor.DefaultProcessor.secondPhaseTraverse(DefaultProcessor.java:241)
		at ch.qos.logback.core.model.processor.DefaultProcessor.secondPhaseTraverse(DefaultProcessor.java:253)
		at ch.qos.logback.core.model.processor.DefaultProcessor.traversalLoop(DefaultProcessor.java:90)
		at ch.qos.logback.core.model.processor.DefaultProcessor.process(DefaultProcessor.java:106)
		at ch.qos.logback.core.joran.GenericXMLConfigurator.processModel(GenericXMLConfigurator.java:222)
		at org.springframework.boot.logging.logback.SpringBootJoranConfigurator.processModel(SpringBootJoranConfigurator.java:136)
		at ch.qos.logback.core.joran.GenericXMLConfigurator.doConfigure(GenericXMLConfigurator.java:178)
		at ch.qos.logback.core.joran.GenericXMLConfigurator.doConfigure(GenericXMLConfigurator.java:123)
		at ch.qos.logback.core.joran.GenericXMLConfigurator.doConfigure(GenericXMLConfigurator.java:66)
		at org.springframework.boot.logging.logback.LogbackLoggingSystem.configureByResourceUrl(LogbackLoggingSystem.java:298)
		at org.springframework.boot.logging.logback.LogbackLoggingSystem.lambda$loadConfiguration$2(LogbackLoggingSystem.java:260)
		at org.springframework.boot.logging.logback.LogbackLoggingSystem.withLoggingSuppressed(LogbackLoggingSystem.java:481)
		at org.springframework.boot.logging.logback.LogbackLoggingSystem.loadConfiguration(LogbackLoggingSystem.java:252)
		... 26 common frames omitted
	Caused by: java.lang.ClassNotFoundException: net.logstash.logback.appender.LoggingEventCompositeJsonEncoder
		at java.base/jdk.internal.loader.BuiltinClassLoader.loadClass(BuiltinClassLoader.java:641)
		at java.base/jdk.internal.loader.ClassLoaders$AppClassLoader.loadClass(ClassLoaders.java:188)
		at java.base/java.lang.ClassLoader.loadClass(ClassLoader.java:526)
		at ch.qos.logback.core.util.OptionHelper.instantiateByClassNameAndParameter(OptionHelper.java:56)
		... 42 common frames omitted
	Suppressed: ch.qos.logback.core.model.processor.ModelHandlerException: ch.qos.logback.core.util.DynamicClassLoadingException: Failed to instantiate type net.logstash.logback.appender.LoggingEventCompositeJsonEncoder
		at ch.qos.logback.core.model.processor.AppenderModelHandler.handle(AppenderModelHandler.java:75)
		at ch.qos.logback.core.model.processor.DefaultProcessor.secondPhaseTraverse(DefaultProcessor.java:241)
		at ch.qos.logback.core.model.processor.DefaultProcessor.secondPhaseTraverse(DefaultProcessor.java:253)
		at ch.qos.logback.core.model.processor.DefaultProcessor.traversalLoop(DefaultProcessor.java:90)
		at ch.qos.logback.core.model.processor.DefaultProcessor.process(DefaultProcessor.java:106)
		at ch.qos.logback.core.joran.GenericXMLConfigurator.processModel(GenericXMLConfigurator.java:222)
		at org.springframework.boot.logging.logback.SpringBootJoranConfigurator.processModel(SpringBootJoranConfigurator.java:136)
		at ch.qos.logback.core.joran.GenericXMLConfigurator.doConfigure(GenericXMLConfigurator.java:178)
		at ch.qos.logback.core.joran.GenericXMLConfigurator.doConfigure(GenericXMLConfigurator.java:123)
		at ch.qos.logback.core.joran.GenericXMLConfigurator.doConfigure(GenericXMLConfigurator.java:66)
		at org.springframework.boot.logging.logback.LogbackLoggingSystem.configureByResourceUrl(LogbackLoggingSystem.java:298)
		at org.springframework.boot.logging.logback.LogbackLoggingSystem.lambda$loadConfiguration$2(LogbackLoggingSystem.java:260)
		at org.springframework.boot.logging.logback.LogbackLoggingSystem.withLoggingSuppressed(LogbackLoggingSystem.java:481)
		at org.springframework.boot.logging.logback.LogbackLoggingSystem.loadConfiguration(LogbackLoggingSystem.java:252)
		... 26 common frames omitted
	Caused by: [CIRCULAR REFERENCE: ch.qos.logback.core.util.DynamicClassLoadingException: Failed to instantiate type net.logstash.logback.appender.LoggingEventCompositeJsonEncoder]
2025-07-18 15:46:57 [restartedMain] ERROR o.s.boot.SpringApplication - Application run failed
java.lang.IllegalStateException: java.lang.IllegalStateException: Logback configuration error detected: 
ERROR in ch.qos.logback.core.model.processor.AppenderModelHandler - Could not create an Appender of type [net.logstash.logback.appender.LoggingEventCompositeJsonEncoder]. ch.qos.logback.core.util.DynamicClassLoadingException: Failed to instantiate type net.logstash.logback.appender.LoggingEventCompositeJsonEncoder
ERROR in ch.qos.logback.core.model.processor.DefaultProcessor@5641f532 - Failed to traverse model appender ch.qos.logback.core.model.processor.ModelHandlerException: ch.qos.logback.core.util.DynamicClassLoadingException: Failed to instantiate type net.logstash.logback.appender.LoggingEventCompositeJsonEncoder
ERROR in ch.qos.logback.core.model.processor.AppenderModelHandler - Could not create an Appender of type [net.logstash.logback.appender.LoggingEventCompositeJsonEncoder]. ch.qos.logback.core.util.DynamicClassLoadingException: Failed to instantiate type net.logstash.logback.appender.LoggingEventCompositeJsonEncoder
ERROR in ch.qos.logback.core.model.processor.DefaultProcessor@5641f532 - Failed to traverse model appender ch.qos.logback.core.model.processor.ModelHandlerException: ch.qos.logback.core.util.DynamicClassLoadingException: Failed to instantiate type net.logstash.logback.appender.LoggingEventCompositeJsonEncoder
	at org.springframework.boot.context.logging.LoggingApplicationListener.initializeSystem(LoggingApplicationListener.java:347)
	at org.springframework.boot.context.logging.LoggingApplicationListener.initialize(LoggingApplicationListener.java:298)
	at org.springframework.boot.context.logging.LoggingApplicationListener.onApplicationEnvironmentPreparedEvent(LoggingApplicationListener.java:246)
	at org.springframework.boot.context.logging.LoggingApplicationListener.onApplicationEvent(LoggingApplicationListener.java:223)
	at org.springframework.context.event.SimpleApplicationEventMulticaster.doInvokeListener(SimpleApplicationEventMulticaster.java:185)
	at org.springframework.context.event.SimpleApplicationEventMulticaster.invokeListener(SimpleApplicationEventMulticaster.java:178)
	at org.springframework.context.event.SimpleApplicationEventMulticaster.multicastEvent(SimpleApplicationEventMulticaster.java:156)
	at org.springframework.context.event.SimpleApplicationEventMulticaster.multicastEvent(SimpleApplicationEventMulticaster.java:138)
	at org.springframework.boot.context.event.EventPublishingRunListener.multicastInitialEvent(EventPublishingRunListener.java:136)
	at org.springframework.boot.context.event.EventPublishingRunListener.environmentPrepared(EventPublishingRunListener.java:81)
	at org.springframework.boot.SpringApplicationRunListeners.lambda$environmentPrepared$2(SpringApplicationRunListeners.java:64)
	at java.base/java.lang.Iterable.forEach(Iterable.java:75)
	at org.springframework.boot.SpringApplicationRunListeners.doWithListeners(SpringApplicationRunListeners.java:118)
	at org.springframework.boot.SpringApplicationRunListeners.doWithListeners(SpringApplicationRunListeners.java:112)
	at org.springframework.boot.SpringApplicationRunListeners.environmentPrepared(SpringApplicationRunListeners.java:63)
	at org.springframework.boot.SpringApplication.prepareEnvironment(SpringApplication.java:353)
	at org.springframework.boot.SpringApplication.run(SpringApplication.java:313)
	at org.springframework.boot.SpringApplication.run(SpringApplication.java:1361)
	at org.springframework.boot.SpringApplication.run(SpringApplication.java:1350)
	at com.ra.ss9.Ss9Application.main(Ss9Application.java:10)
	at java.base/jdk.internal.reflect.DirectMethodHandleAccessor.invoke(DirectMethodHandleAccessor.java:103)
	at java.base/java.lang.reflect.Method.invoke(Method.java:580)
	at org.springframework.boot.devtools.restart.RestartLauncher.run(RestartLauncher.java:50)
Caused by: java.lang.IllegalStateException: Logback configuration error detected: 
ERROR in ch.qos.logback.core.model.processor.AppenderModelHandler - Could not create an Appender of type [net.logstash.logback.appender.LoggingEventCompositeJsonEncoder]. ch.qos.logback.core.util.DynamicClassLoadingException: Failed to instantiate type net.logstash.logback.appender.LoggingEventCompositeJsonEncoder
ERROR in ch.qos.logback.core.model.processor.DefaultProcessor@5641f532 - Failed to traverse model appender ch.qos.logback.core.model.processor.ModelHandlerException: ch.qos.logback.core.util.DynamicClassLoadingException: Failed to instantiate type net.logstash.logback.appender.LoggingEventCompositeJsonEncoder
ERROR in ch.qos.logback.core.model.processor.AppenderModelHandler - Could not create an Appender of type [net.logstash.logback.appender.LoggingEventCompositeJsonEncoder]. ch.qos.logback.core.util.DynamicClassLoadingException: Failed to instantiate type net.logstash.logback.appender.LoggingEventCompositeJsonEncoder
ERROR in ch.qos.logback.core.model.processor.DefaultProcessor@5641f532 - Failed to traverse model appender ch.qos.logback.core.model.processor.ModelHandlerException: ch.qos.logback.core.util.DynamicClassLoadingException: Failed to instantiate type net.logstash.logback.appender.LoggingEventCompositeJsonEncoder
	at org.springframework.boot.logging.logback.LogbackLoggingSystem.reportConfigurationErrorsIfNecessary(LogbackLoggingSystem.java:289)
	at org.springframework.boot.logging.logback.LogbackLoggingSystem.loadConfiguration(LogbackLoggingSystem.java:267)
	at org.springframework.boot.logging.AbstractLoggingSystem.initializeWithConventions(AbstractLoggingSystem.java:81)
	at org.springframework.boot.logging.AbstractLoggingSystem.initialize(AbstractLoggingSystem.java:61)
	at org.springframework.boot.logging.logback.LogbackLoggingSystem.initialize(LogbackLoggingSystem.java:195)
	at org.springframework.boot.context.logging.LoggingApplicationListener.initializeSystem(LoggingApplicationListener.java:332)
	... 22 common frames omitted
	Suppressed: ch.qos.logback.core.util.DynamicClassLoadingException: Failed to instantiate type net.logstash.logback.appender.LoggingEventCompositeJsonEncoder
		at ch.qos.logback.core.util.OptionHelper.instantiateByClassNameAndParameter(OptionHelper.java:69)
		at ch.qos.logback.core.util.OptionHelper.instantiateByClassName(OptionHelper.java:44)
		at ch.qos.logback.core.util.OptionHelper.instantiateByClassName(OptionHelper.java:33)
		at ch.qos.logback.core.model.processor.AppenderModelHandler.handle(AppenderModelHandler.java:67)
		at ch.qos.logback.core.model.processor.DefaultProcessor.secondPhaseTraverse(DefaultProcessor.java:241)
		at ch.qos.logback.core.model.processor.DefaultProcessor.secondPhaseTraverse(DefaultProcessor.java:253)
		at ch.qos.logback.core.model.processor.DefaultProcessor.traversalLoop(DefaultProcessor.java:90)
		at ch.qos.logback.core.model.processor.DefaultProcessor.process(DefaultProcessor.java:106)
		at ch.qos.logback.core.joran.GenericXMLConfigurator.processModel(GenericXMLConfigurator.java:222)
		at org.springframework.boot.logging.logback.SpringBootJoranConfigurator.processModel(SpringBootJoranConfigurator.java:136)
		at ch.qos.logback.core.joran.GenericXMLConfigurator.doConfigure(GenericXMLConfigurator.java:178)
		at ch.qos.logback.core.joran.GenericXMLConfigurator.doConfigure(GenericXMLConfigurator.java:123)
		at ch.qos.logback.core.joran.GenericXMLConfigurator.doConfigure(GenericXMLConfigurator.java:66)
		at org.springframework.boot.logging.logback.LogbackLoggingSystem.configureByResourceUrl(LogbackLoggingSystem.java:298)
		at org.springframework.boot.logging.logback.LogbackLoggingSystem.lambda$loadConfiguration$2(LogbackLoggingSystem.java:260)
		at org.springframework.boot.logging.logback.LogbackLoggingSystem.withLoggingSuppressed(LogbackLoggingSystem.java:481)
		at org.springframework.boot.logging.logback.LogbackLoggingSystem.loadConfiguration(LogbackLoggingSystem.java:252)
		... 26 common frames omitted
	Caused by: java.lang.ClassNotFoundException: net.logstash.logback.appender.LoggingEventCompositeJsonEncoder
		at java.base/jdk.internal.loader.BuiltinClassLoader.loadClass(BuiltinClassLoader.java:641)
		at java.base/jdk.internal.loader.ClassLoaders$AppClassLoader.loadClass(ClassLoaders.java:188)
		at java.base/java.lang.ClassLoader.loadClass(ClassLoader.java:526)
		at ch.qos.logback.core.util.OptionHelper.instantiateByClassNameAndParameter(OptionHelper.java:56)
		... 42 common frames omitted
	Suppressed: ch.qos.logback.core.model.processor.ModelHandlerException: ch.qos.logback.core.util.DynamicClassLoadingException: Failed to instantiate type net.logstash.logback.appender.LoggingEventCompositeJsonEncoder
		at ch.qos.logback.core.model.processor.AppenderModelHandler.handle(AppenderModelHandler.java:75)
		at ch.qos.logback.core.model.processor.DefaultProcessor.secondPhaseTraverse(DefaultProcessor.java:241)
		at ch.qos.logback.core.model.processor.DefaultProcessor.secondPhaseTraverse(DefaultProcessor.java:253)
		at ch.qos.logback.core.model.processor.DefaultProcessor.traversalLoop(DefaultProcessor.java:90)
		at ch.qos.logback.core.model.processor.DefaultProcessor.process(DefaultProcessor.java:106)
		at ch.qos.logback.core.joran.GenericXMLConfigurator.processModel(GenericXMLConfigurator.java:222)
		at org.springframework.boot.logging.logback.SpringBootJoranConfigurator.processModel(SpringBootJoranConfigurator.java:136)
		at ch.qos.logback.core.joran.GenericXMLConfigurator.doConfigure(GenericXMLConfigurator.java:178)
		at ch.qos.logback.core.joran.GenericXMLConfigurator.doConfigure(GenericXMLConfigurator.java:123)
		at ch.qos.logback.core.joran.GenericXMLConfigurator.doConfigure(GenericXMLConfigurator.java:66)
		at org.springframework.boot.logging.logback.LogbackLoggingSystem.configureByResourceUrl(LogbackLoggingSystem.java:298)
		at org.springframework.boot.logging.logback.LogbackLoggingSystem.lambda$loadConfiguration$2(LogbackLoggingSystem.java:260)
		at org.springframework.boot.logging.logback.LogbackLoggingSystem.withLoggingSuppressed(LogbackLoggingSystem.java:481)
		at org.springframework.boot.logging.logback.LogbackLoggingSystem.loadConfiguration(LogbackLoggingSystem.java:252)
		... 26 common frames omitted
	Caused by: [CIRCULAR REFERENCE: ch.qos.logback.core.util.DynamicClassLoadingException: Failed to instantiate type net.logstash.logback.appender.LoggingEventCompositeJsonEncoder]
	Suppressed: ch.qos.logback.core.util.DynamicClassLoadingException: Failed to instantiate type net.logstash.logback.appender.LoggingEventCompositeJsonEncoder
		at ch.qos.logback.core.util.OptionHelper.instantiateByClassNameAndParameter(OptionHelper.java:69)
		at ch.qos.logback.core.util.OptionHelper.instantiateByClassName(OptionHelper.java:44)
		at ch.qos.logback.core.util.OptionHelper.instantiateByClassName(OptionHelper.java:33)
		at ch.qos.logback.core.model.processor.AppenderModelHandler.handle(AppenderModelHandler.java:67)
		at ch.qos.logback.core.model.processor.DefaultProcessor.secondPhaseTraverse(DefaultProcessor.java:241)
		at ch.qos.logback.core.model.processor.DefaultProcessor.secondPhaseTraverse(DefaultProcessor.java:253)
		at ch.qos.logback.core.model.processor.DefaultProcessor.traversalLoop(DefaultProcessor.java:90)
		at ch.qos.logback.core.model.processor.DefaultProcessor.process(DefaultProcessor.java:106)
		at ch.qos.logback.core.joran.GenericXMLConfigurator.processModel(GenericXMLConfigurator.java:222)
		at org.springframework.boot.logging.logback.SpringBootJoranConfigurator.processModel(SpringBootJoranConfigurator.java:136)
		at ch.qos.logback.core.joran.GenericXMLConfigurator.doConfigure(GenericXMLConfigurator.java:178)
		at ch.qos.logback.core.joran.GenericXMLConfigurator.doConfigure(GenericXMLConfigurator.java:123)
		at ch.qos.logback.core.joran.GenericXMLConfigurator.doConfigure(GenericXMLConfigurator.java:66)
		at org.springframework.boot.logging.logback.LogbackLoggingSystem.configureByResourceUrl(LogbackLoggingSystem.java:298)
		at org.springframework.boot.logging.logback.LogbackLoggingSystem.lambda$loadConfiguration$2(LogbackLoggingSystem.java:260)
		at org.springframework.boot.logging.logback.LogbackLoggingSystem.withLoggingSuppressed(LogbackLoggingSystem.java:481)
		at org.springframework.boot.logging.logback.LogbackLoggingSystem.loadConfiguration(LogbackLoggingSystem.java:252)
		... 26 common frames omitted
	Caused by: java.lang.ClassNotFoundException: net.logstash.logback.appender.LoggingEventCompositeJsonEncoder
		at java.base/jdk.internal.loader.BuiltinClassLoader.loadClass(BuiltinClassLoader.java:641)
		at java.base/jdk.internal.loader.ClassLoaders$AppClassLoader.loadClass(ClassLoaders.java:188)
		at java.base/java.lang.ClassLoader.loadClass(ClassLoader.java:526)
		at ch.qos.logback.core.util.OptionHelper.instantiateByClassNameAndParameter(OptionHelper.java:56)
		... 42 common frames omitted
	Suppressed: ch.qos.logback.core.model.processor.ModelHandlerException: ch.qos.logback.core.util.DynamicClassLoadingException: Failed to instantiate type net.logstash.logback.appender.LoggingEventCompositeJsonEncoder
		at ch.qos.logback.core.model.processor.AppenderModelHandler.handle(AppenderModelHandler.java:75)
		at ch.qos.logback.core.model.processor.DefaultProcessor.secondPhaseTraverse(DefaultProcessor.java:241)
		at ch.qos.logback.core.model.processor.DefaultProcessor.secondPhaseTraverse(DefaultProcessor.java:253)
		at ch.qos.logback.core.model.processor.DefaultProcessor.traversalLoop(DefaultProcessor.java:90)
		at ch.qos.logback.core.model.processor.DefaultProcessor.process(DefaultProcessor.java:106)
		at ch.qos.logback.core.joran.GenericXMLConfigurator.processModel(GenericXMLConfigurator.java:222)
		at org.springframework.boot.logging.logback.SpringBootJoranConfigurator.processModel(SpringBootJoranConfigurator.java:136)
		at ch.qos.logback.core.joran.GenericXMLConfigurator.doConfigure(GenericXMLConfigurator.java:178)
		at ch.qos.logback.core.joran.GenericXMLConfigurator.doConfigure(GenericXMLConfigurator.java:123)
		at ch.qos.logback.core.joran.GenericXMLConfigurator.doConfigure(GenericXMLConfigurator.java:66)
		at org.springframework.boot.logging.logback.LogbackLoggingSystem.configureByResourceUrl(LogbackLoggingSystem.java:298)
		at org.springframework.boot.logging.logback.LogbackLoggingSystem.lambda$loadConfiguration$2(LogbackLoggingSystem.java:260)
		at org.springframework.boot.logging.logback.LogbackLoggingSystem.withLoggingSuppressed(LogbackLoggingSystem.java:481)
		at org.springframework.boot.logging.logback.LogbackLoggingSystem.loadConfiguration(LogbackLoggingSystem.java:252)
		... 26 common frames omitted
	Caused by: [CIRCULAR REFERENCE: ch.qos.logback.core.util.DynamicClassLoadingException: Failed to instantiate type net.logstash.logback.appender.LoggingEventCompositeJsonEncoder]
2025-07-18 15:53:06 [restartedMain] ERROR o.s.boot.SpringApplication - Application run failed
java.lang.IllegalStateException: java.lang.IllegalStateException: Logback configuration error detected: 
ERROR in ch.qos.logback.core.model.processor.AppenderModelHandler - Could not create an Appender of type [net.logstash.logback.appender.LoggingEventCompositeJsonEncoder]. ch.qos.logback.core.util.DynamicClassLoadingException: Failed to instantiate type net.logstash.logback.appender.LoggingEventCompositeJsonEncoder
ERROR in ch.qos.logback.core.model.processor.DefaultProcessor@37f4cd3f - Failed to traverse model appender ch.qos.logback.core.model.processor.ModelHandlerException: ch.qos.logback.core.util.DynamicClassLoadingException: Failed to instantiate type net.logstash.logback.appender.LoggingEventCompositeJsonEncoder
ERROR in ch.qos.logback.core.model.processor.AppenderModelHandler - Could not create an Appender of type [net.logstash.logback.appender.LoggingEventCompositeJsonEncoder]. ch.qos.logback.core.util.DynamicClassLoadingException: Failed to instantiate type net.logstash.logback.appender.LoggingEventCompositeJsonEncoder
ERROR in ch.qos.logback.core.model.processor.DefaultProcessor@37f4cd3f - Failed to traverse model appender ch.qos.logback.core.model.processor.ModelHandlerException: ch.qos.logback.core.util.DynamicClassLoadingException: Failed to instantiate type net.logstash.logback.appender.LoggingEventCompositeJsonEncoder
	at org.springframework.boot.context.logging.LoggingApplicationListener.initializeSystem(LoggingApplicationListener.java:347)
	at org.springframework.boot.context.logging.LoggingApplicationListener.initialize(LoggingApplicationListener.java:298)
	at org.springframework.boot.context.logging.LoggingApplicationListener.onApplicationEnvironmentPreparedEvent(LoggingApplicationListener.java:246)
	at org.springframework.boot.context.logging.LoggingApplicationListener.onApplicationEvent(LoggingApplicationListener.java:223)
	at org.springframework.context.event.SimpleApplicationEventMulticaster.doInvokeListener(SimpleApplicationEventMulticaster.java:185)
	at org.springframework.context.event.SimpleApplicationEventMulticaster.invokeListener(SimpleApplicationEventMulticaster.java:178)
	at org.springframework.context.event.SimpleApplicationEventMulticaster.multicastEvent(SimpleApplicationEventMulticaster.java:156)
	at org.springframework.context.event.SimpleApplicationEventMulticaster.multicastEvent(SimpleApplicationEventMulticaster.java:138)
	at org.springframework.boot.context.event.EventPublishingRunListener.multicastInitialEvent(EventPublishingRunListener.java:136)
	at org.springframework.boot.context.event.EventPublishingRunListener.environmentPrepared(EventPublishingRunListener.java:81)
	at org.springframework.boot.SpringApplicationRunListeners.lambda$environmentPrepared$2(SpringApplicationRunListeners.java:64)
	at java.base/java.lang.Iterable.forEach(Iterable.java:75)
	at org.springframework.boot.SpringApplicationRunListeners.doWithListeners(SpringApplicationRunListeners.java:118)
	at org.springframework.boot.SpringApplicationRunListeners.doWithListeners(SpringApplicationRunListeners.java:112)
	at org.springframework.boot.SpringApplicationRunListeners.environmentPrepared(SpringApplicationRunListeners.java:63)
	at org.springframework.boot.SpringApplication.prepareEnvironment(SpringApplication.java:353)
	at org.springframework.boot.SpringApplication.run(SpringApplication.java:313)
	at org.springframework.boot.SpringApplication.run(SpringApplication.java:1361)
	at org.springframework.boot.SpringApplication.run(SpringApplication.java:1350)
	at com.ra.ss9.Ss9Application.main(Ss9Application.java:10)
	at java.base/jdk.internal.reflect.DirectMethodHandleAccessor.invoke(DirectMethodHandleAccessor.java:103)
	at java.base/java.lang.reflect.Method.invoke(Method.java:580)
	at org.springframework.boot.devtools.restart.RestartLauncher.run(RestartLauncher.java:50)
Caused by: java.lang.IllegalStateException: Logback configuration error detected: 
ERROR in ch.qos.logback.core.model.processor.AppenderModelHandler - Could not create an Appender of type [net.logstash.logback.appender.LoggingEventCompositeJsonEncoder]. ch.qos.logback.core.util.DynamicClassLoadingException: Failed to instantiate type net.logstash.logback.appender.LoggingEventCompositeJsonEncoder
ERROR in ch.qos.logback.core.model.processor.DefaultProcessor@37f4cd3f - Failed to traverse model appender ch.qos.logback.core.model.processor.ModelHandlerException: ch.qos.logback.core.util.DynamicClassLoadingException: Failed to instantiate type net.logstash.logback.appender.LoggingEventCompositeJsonEncoder
ERROR in ch.qos.logback.core.model.processor.AppenderModelHandler - Could not create an Appender of type [net.logstash.logback.appender.LoggingEventCompositeJsonEncoder]. ch.qos.logback.core.util.DynamicClassLoadingException: Failed to instantiate type net.logstash.logback.appender.LoggingEventCompositeJsonEncoder
ERROR in ch.qos.logback.core.model.processor.DefaultProcessor@37f4cd3f - Failed to traverse model appender ch.qos.logback.core.model.processor.ModelHandlerException: ch.qos.logback.core.util.DynamicClassLoadingException: Failed to instantiate type net.logstash.logback.appender.LoggingEventCompositeJsonEncoder
	at org.springframework.boot.logging.logback.LogbackLoggingSystem.reportConfigurationErrorsIfNecessary(LogbackLoggingSystem.java:289)
	at org.springframework.boot.logging.logback.LogbackLoggingSystem.loadConfiguration(LogbackLoggingSystem.java:267)
	at org.springframework.boot.logging.AbstractLoggingSystem.initializeWithConventions(AbstractLoggingSystem.java:81)
	at org.springframework.boot.logging.AbstractLoggingSystem.initialize(AbstractLoggingSystem.java:61)
	at org.springframework.boot.logging.logback.LogbackLoggingSystem.initialize(LogbackLoggingSystem.java:195)
	at org.springframework.boot.context.logging.LoggingApplicationListener.initializeSystem(LoggingApplicationListener.java:332)
	... 22 common frames omitted
	Suppressed: ch.qos.logback.core.util.DynamicClassLoadingException: Failed to instantiate type net.logstash.logback.appender.LoggingEventCompositeJsonEncoder
		at ch.qos.logback.core.util.OptionHelper.instantiateByClassNameAndParameter(OptionHelper.java:69)
		at ch.qos.logback.core.util.OptionHelper.instantiateByClassName(OptionHelper.java:44)
		at ch.qos.logback.core.util.OptionHelper.instantiateByClassName(OptionHelper.java:33)
		at ch.qos.logback.core.model.processor.AppenderModelHandler.handle(AppenderModelHandler.java:67)
		at ch.qos.logback.core.model.processor.DefaultProcessor.secondPhaseTraverse(DefaultProcessor.java:241)
		at ch.qos.logback.core.model.processor.DefaultProcessor.secondPhaseTraverse(DefaultProcessor.java:253)
		at ch.qos.logback.core.model.processor.DefaultProcessor.traversalLoop(DefaultProcessor.java:90)
		at ch.qos.logback.core.model.processor.DefaultProcessor.process(DefaultProcessor.java:106)
		at ch.qos.logback.core.joran.GenericXMLConfigurator.processModel(GenericXMLConfigurator.java:222)
		at org.springframework.boot.logging.logback.SpringBootJoranConfigurator.processModel(SpringBootJoranConfigurator.java:136)
		at ch.qos.logback.core.joran.GenericXMLConfigurator.doConfigure(GenericXMLConfigurator.java:178)
		at ch.qos.logback.core.joran.GenericXMLConfigurator.doConfigure(GenericXMLConfigurator.java:123)
		at ch.qos.logback.core.joran.GenericXMLConfigurator.doConfigure(GenericXMLConfigurator.java:66)
		at org.springframework.boot.logging.logback.LogbackLoggingSystem.configureByResourceUrl(LogbackLoggingSystem.java:298)
		at org.springframework.boot.logging.logback.LogbackLoggingSystem.lambda$loadConfiguration$2(LogbackLoggingSystem.java:260)
		at org.springframework.boot.logging.logback.LogbackLoggingSystem.withLoggingSuppressed(LogbackLoggingSystem.java:481)
		at org.springframework.boot.logging.logback.LogbackLoggingSystem.loadConfiguration(LogbackLoggingSystem.java:252)
		... 26 common frames omitted
	Caused by: java.lang.ClassNotFoundException: net.logstash.logback.appender.LoggingEventCompositeJsonEncoder
		at java.base/jdk.internal.loader.BuiltinClassLoader.loadClass(BuiltinClassLoader.java:641)
		at java.base/jdk.internal.loader.ClassLoaders$AppClassLoader.loadClass(ClassLoaders.java:188)
		at java.base/java.lang.ClassLoader.loadClass(ClassLoader.java:526)
		at ch.qos.logback.core.util.OptionHelper.instantiateByClassNameAndParameter(OptionHelper.java:56)
		... 42 common frames omitted
	Suppressed: ch.qos.logback.core.model.processor.ModelHandlerException: ch.qos.logback.core.util.DynamicClassLoadingException: Failed to instantiate type net.logstash.logback.appender.LoggingEventCompositeJsonEncoder
		at ch.qos.logback.core.model.processor.AppenderModelHandler.handle(AppenderModelHandler.java:75)
		at ch.qos.logback.core.model.processor.DefaultProcessor.secondPhaseTraverse(DefaultProcessor.java:241)
		at ch.qos.logback.core.model.processor.DefaultProcessor.secondPhaseTraverse(DefaultProcessor.java:253)
		at ch.qos.logback.core.model.processor.DefaultProcessor.traversalLoop(DefaultProcessor.java:90)
		at ch.qos.logback.core.model.processor.DefaultProcessor.process(DefaultProcessor.java:106)
		at ch.qos.logback.core.joran.GenericXMLConfigurator.processModel(GenericXMLConfigurator.java:222)
		at org.springframework.boot.logging.logback.SpringBootJoranConfigurator.processModel(SpringBootJoranConfigurator.java:136)
		at ch.qos.logback.core.joran.GenericXMLConfigurator.doConfigure(GenericXMLConfigurator.java:178)
		at ch.qos.logback.core.joran.GenericXMLConfigurator.doConfigure(GenericXMLConfigurator.java:123)
		at ch.qos.logback.core.joran.GenericXMLConfigurator.doConfigure(GenericXMLConfigurator.java:66)
		at org.springframework.boot.logging.logback.LogbackLoggingSystem.configureByResourceUrl(LogbackLoggingSystem.java:298)
		at org.springframework.boot.logging.logback.LogbackLoggingSystem.lambda$loadConfiguration$2(LogbackLoggingSystem.java:260)
		at org.springframework.boot.logging.logback.LogbackLoggingSystem.withLoggingSuppressed(LogbackLoggingSystem.java:481)
		at org.springframework.boot.logging.logback.LogbackLoggingSystem.loadConfiguration(LogbackLoggingSystem.java:252)
		... 26 common frames omitted
	Caused by: [CIRCULAR REFERENCE: ch.qos.logback.core.util.DynamicClassLoadingException: Failed to instantiate type net.logstash.logback.appender.LoggingEventCompositeJsonEncoder]
	Suppressed: ch.qos.logback.core.util.DynamicClassLoadingException: Failed to instantiate type net.logstash.logback.appender.LoggingEventCompositeJsonEncoder
		at ch.qos.logback.core.util.OptionHelper.instantiateByClassNameAndParameter(OptionHelper.java:69)
		at ch.qos.logback.core.util.OptionHelper.instantiateByClassName(OptionHelper.java:44)
		at ch.qos.logback.core.util.OptionHelper.instantiateByClassName(OptionHelper.java:33)
		at ch.qos.logback.core.model.processor.AppenderModelHandler.handle(AppenderModelHandler.java:67)
		at ch.qos.logback.core.model.processor.DefaultProcessor.secondPhaseTraverse(DefaultProcessor.java:241)
		at ch.qos.logback.core.model.processor.DefaultProcessor.secondPhaseTraverse(DefaultProcessor.java:253)
		at ch.qos.logback.core.model.processor.DefaultProcessor.traversalLoop(DefaultProcessor.java:90)
		at ch.qos.logback.core.model.processor.DefaultProcessor.process(DefaultProcessor.java:106)
		at ch.qos.logback.core.joran.GenericXMLConfigurator.processModel(GenericXMLConfigurator.java:222)
		at org.springframework.boot.logging.logback.SpringBootJoranConfigurator.processModel(SpringBootJoranConfigurator.java:136)
		at ch.qos.logback.core.joran.GenericXMLConfigurator.doConfigure(GenericXMLConfigurator.java:178)
		at ch.qos.logback.core.joran.GenericXMLConfigurator.doConfigure(GenericXMLConfigurator.java:123)
		at ch.qos.logback.core.joran.GenericXMLConfigurator.doConfigure(GenericXMLConfigurator.java:66)
		at org.springframework.boot.logging.logback.LogbackLoggingSystem.configureByResourceUrl(LogbackLoggingSystem.java:298)
		at org.springframework.boot.logging.logback.LogbackLoggingSystem.lambda$loadConfiguration$2(LogbackLoggingSystem.java:260)
		at org.springframework.boot.logging.logback.LogbackLoggingSystem.withLoggingSuppressed(LogbackLoggingSystem.java:481)
		at org.springframework.boot.logging.logback.LogbackLoggingSystem.loadConfiguration(LogbackLoggingSystem.java:252)
		... 26 common frames omitted
	Caused by: java.lang.ClassNotFoundException: net.logstash.logback.appender.LoggingEventCompositeJsonEncoder
		at java.base/jdk.internal.loader.BuiltinClassLoader.loadClass(BuiltinClassLoader.java:641)
		at java.base/jdk.internal.loader.ClassLoaders$AppClassLoader.loadClass(ClassLoaders.java:188)
		at java.base/java.lang.ClassLoader.loadClass(ClassLoader.java:526)
		at ch.qos.logback.core.util.OptionHelper.instantiateByClassNameAndParameter(OptionHelper.java:56)
		... 42 common frames omitted
	Suppressed: ch.qos.logback.core.model.processor.ModelHandlerException: ch.qos.logback.core.util.DynamicClassLoadingException: Failed to instantiate type net.logstash.logback.appender.LoggingEventCompositeJsonEncoder
		at ch.qos.logback.core.model.processor.AppenderModelHandler.handle(AppenderModelHandler.java:75)
		at ch.qos.logback.core.model.processor.DefaultProcessor.secondPhaseTraverse(DefaultProcessor.java:241)
		at ch.qos.logback.core.model.processor.DefaultProcessor.secondPhaseTraverse(DefaultProcessor.java:253)
		at ch.qos.logback.core.model.processor.DefaultProcessor.traversalLoop(DefaultProcessor.java:90)
		at ch.qos.logback.core.model.processor.DefaultProcessor.process(DefaultProcessor.java:106)
		at ch.qos.logback.core.joran.GenericXMLConfigurator.processModel(GenericXMLConfigurator.java:222)
		at org.springframework.boot.logging.logback.SpringBootJoranConfigurator.processModel(SpringBootJoranConfigurator.java:136)
		at ch.qos.logback.core.joran.GenericXMLConfigurator.doConfigure(GenericXMLConfigurator.java:178)
		at ch.qos.logback.core.joran.GenericXMLConfigurator.doConfigure(GenericXMLConfigurator.java:123)
		at ch.qos.logback.core.joran.GenericXMLConfigurator.doConfigure(GenericXMLConfigurator.java:66)
		at org.springframework.boot.logging.logback.LogbackLoggingSystem.configureByResourceUrl(LogbackLoggingSystem.java:298)
		at org.springframework.boot.logging.logback.LogbackLoggingSystem.lambda$loadConfiguration$2(LogbackLoggingSystem.java:260)
		at org.springframework.boot.logging.logback.LogbackLoggingSystem.withLoggingSuppressed(LogbackLoggingSystem.java:481)
		at org.springframework.boot.logging.logback.LogbackLoggingSystem.loadConfiguration(LogbackLoggingSystem.java:252)
		... 26 common frames omitted
	Caused by: [CIRCULAR REFERENCE: ch.qos.logback.core.util.DynamicClassLoadingException: Failed to instantiate type net.logstash.logback.appender.LoggingEventCompositeJsonEncoder]
2025-07-18 15:55:04 [restartedMain] ERROR o.h.e.jdbc.spi.SqlExceptionHelper - Communications link failure

The last packet sent successfully to the server was 0 milliseconds ago. The driver has not received any packets from the server.
2025-07-18 15:55:05 [restartedMain] ERROR c.ra.ss9.loggingdemo.LoggingExample - Log ERROR: đã xảy ra lỗi.
